anio,provincia,nacimientos_cantidad,poblacion,tgf,defunciones,tbn,tbm,crecimiento_vegetativo,tasa_crecimiento
2012,buenos_aires,289720,16100397,2.5706553340623484,132349,17.99458733843644,8.22023208496039,157371,9.774355253476049
2012,capital_federal,45013,3038860,2.1160660811714167,31560,14.812462568199917,10.385473499930894,13453,4.426989068269023
2012,catamarca,6485,385408,2.403760615837168,2260,16.826324310860176,5.863915642643639,4225,10.962408668216536
2012,chaco,22829,1105280,2.950642112664405,7128,20.654494788650837,6.449044585987261,15701,14.205450202663576
2012,chubut,9725,534945,2.5970627153926373,3033,18.17943900774846,5.6697417491517825,6692,12.509697258596677
2012,cordoba,57501,3450673,2.3805294130821935,27497,16.663705891575354,7.968590474959522,30004,8.695115416615831
2012,corrientes,19723,1038786,2.7123694664458595,6750,18.986586265121016,6.497969745452865,12973,12.48861651966815
2012,entre_rios,22117,1281931,2.4646969521537656,9667,17.25287866507636,7.540967493570247,12450,9.711911171506113
2012,formosa,11826,562794,3.001859599477911,3392,21.013017196345377,6.0270720725523015,8434,14.985945123793076
2012,jujuy,12987,701252,2.6456761824361488,4132,18.519733277053042,5.892318310678615,8855,12.627414966374428
2012,la_pampa,5368,333496,2.2994492973143394,2482,16.096145081200376,7.442368124355315,2886,8.65377695684506
2012,la_rioja,6168,342549,2.5723118652889285,2059,18.0061830570225,6.010818890144184,4109,11.995364166878318
2012,mendoza,33069,1819608,2.596242079141693,12879,18.17369455399185,7.077898096732923,20190,11.095796457258928
2012,misiones,25984,1144189,3.2442192679705886,6507,22.70953487579412,5.686997515270641,19477,17.02253736052348
2012,neuquen,11444,591422,2.7642819219730463,2884,19.349973453811323,4.876382684445287,8560,14.473590769366037
2012,rio_negro,11864,668663,2.5346955684061223,3899,17.742868978842857,5.831038953852688,7965,11.91183002499017
2012,salta,26995,1277062,3.019766128370096,7229,21.13836289859067,5.660649208887274,19766,15.477713689703396
2012,san_juan,14464,713240,2.897041268416962,4548,20.279288878918734,6.37653524760249,9916,13.902753631316244
2012,san_luis,7684,456924,2.402400149071368,2831,16.816801043499574,6.19577872906654,4853,10.621022314433034
2012,santa_cruz,5924,293407,2.8843405722621283,1378,20.190384005834897,4.69654779879144,4546,15.493836207043458
2012,santa_fe,54235,3313212,2.338473101889388,28404,16.369311713225716,8.572949753894408,25831,7.796361959331309
2012,santiago_del_estero,18464,898484,2.935738739603917,5251,20.55017117722742,5.8442888242862425,13213,14.705882352941178
2012,tierra_del_fuego,2790,136973,2.9098539753924397,502,20.368977827747077,3.6649558672147062,2288,16.704021960532373
2012,tucuman,28857,1530689,2.6931849457522534,10079,18.852294620265774,6.584616470099413,18778,12.267678150166361
2013,buenos_aires,290116,16289508,2.544284508601663,133035,17.809991560211643,8.166913328505686,157081,9.643078231705957
2013,capital_federal,44892,3044076,2.106761742197914,32133,14.747332195385397,10.55591253306422,12759,4.191419662321177
2013,catamarca,6648,389256,2.4398192595985306,2384,17.078734817189716,6.124504182337588,4264,10.954230634852127
2013,chaco,22583,1117953,2.8857589336428786,7250,20.20031253550015,6.4850669035281445,15333,13.715245631972005
2013,chubut,10037,545656,2.6277675730811043,3085,18.39437301156773,5.653745216766607,6952,12.740627794801123
2013,cordoba,58296,3489669,2.3864727571583435,28755,16.705309300108404,8.240036519222883,29541,8.46527278088552
2013,corrientes,19659,1049325,2.676414429684389,6880,18.73490100779072,6.556595906892526,12779,12.178305100898196
2013,entre_rios,22391,1295121,2.46981887075747,10065,17.28873209530229,7.771474634416398,12326,9.517257460885892
2013,formosa,11580,568331,2.9107786031128238,3537,20.375450221789766,6.223485961525943,8043,14.151964260263824
2013,jujuy,12909,710121,2.596941728441853,4231,18.17859209909297,5.958139528333904,8678,12.220452570759067
2013,la_pampa,5605,336706,2.3780814292417887,2608,16.64657000469252,7.745629718508135,2997,8.900940286184387
2013,la_rioja,6347,347598,2.608514104552632,2083,18.259598731868422,5.99255461769055,4264,12.267044114177871
2013,mendoza,33353,1841813,2.5869696248828116,13130,18.10878737417968,7.128845327945888,20223,10.979942046233791
2013,misiones,25983,1159445,3.2014085556944427,6603,22.4098598898611,5.694966126034439,19380,16.71489376382666
2013,neuquen,11478,601003,2.7282963408074266,2966,19.098074385651987,4.935083518717876,8512,14.162990866934111
2013,rio_negro,12001,678797,2.525686724349948,4114,17.679807070449634,6.060722130474944,7887,11.619084939974691
2013,salta,27465,1295944,3.0275779112148586,7509,21.19304537850401,5.794231849524362,19956,15.398813528979648
2013,san_juan,14924,721830,2.953604034190876,4802,20.675228239336132,6.652535915658812,10122,14.022692323677319
2013,san_luis,7806,463411,2.4063797733391246,3046,16.84465841337387,6.572998914570435,4760,10.271659498803437
2013,santa_cruz,5997,302420,2.8328625279885116,1401,19.830037695919582,4.63263011705575,4596,15.197407578863832
2013,santa_fe,56165,3341228,2.401383990727789,29784,16.809687935094523,8.91408787427856,26381,7.895600060815964
2013,santiago_del_estero,18205,908268,2.8633776437288176,5548,20.043643506101724,6.108329259645831,12657,13.935314246455892
2013,tierra_del_fuego,2851,141544,2.8774495159506186,479,20.14214661165433,3.384106708867914,2372,16.758039902786415
2013,tucuman,29445,1551460,2.7112710423914064,9964,18.978897296739845,6.422337669034329,19481,12.556559627705516
2014,buenos_aires,293943,16476201,2.5486371004369963,133068,17.840459703058976,8.076376344279849,160875,9.764083358779127
2014,capital_federal,44754,3049229,2.096736116385018,32400,14.677152814695125,10.625636841313002,12354,4.0515159733821235
2014,catamarca,7032,393088,2.555589151974694,2262,17.88912406382286,5.754436665581244,4770,12.134687398241615
2014,chaco,24728,1130608,3.1244882652266996,7469,21.8714178565869,6.606180037643463,17259,15.265237818943437
2014,chubut,9678,556319,2.485213391186403,3141,17.396493738304823,5.646041210168986,6537,11.750452528135838
2014,cordoba,60047,3528687,2.4309730098313787,28073,17.01681106881965,7.955650359467983,31974,9.061160709351666
2014,corrientes,21038,1059836,2.835748711525718,6862,19.850240980680027,6.474586634158492,14176,13.375654346521536
2014,entre_rios,23208,1308290,2.5341694665774193,9824,17.739186266041933,7.5090385159253685,13384,10.230147750116565
2014,formosa,12190,573823,3.034783498445638,3570,21.243484489119467,6.221430650217925,8620,15.022053838901542
2014,jujuy,13689,718971,2.719958702884301,4066,19.039710920190107,5.655304595039299,9623,13.384406325150808
2014,la_pampa,5548,339895,2.3318125555581237,2517,16.322687888906867,7.405228085143941,3031,8.917459803762926
2014,la_rioja,6303,352696,2.5529877612124077,2024,17.870914328486855,5.738653117699095,4279,12.13226121078776
2014,mendoza,35598,1863809,2.7285137969762845,13200,19.099596578833992,7.082270769161433,22398,12.01732580967256
2014,misiones,27760,1174542,3.3763920623649777,6573,23.634744436554843,5.5962238898225865,21187,18.038520546732258
2014,neuquen,11864,610449,2.7764107122087887,3030,19.43487498546152,4.963559609402259,8834,14.471315376059259
2014,rio_negro,12268,688873,2.5441139782970574,4182,17.8087978480794,6.070785181013046,8086,11.738012667066354
2014,salta,28482,1314726,3.094832796230654,7444,21.663829573614578,5.662016268028472,21038,16.001813305586104
2014,san_juan,15229,730408,2.97857009859069,4766,20.84999069013483,6.525120206788535,10463,14.324870483346295
2014,san_luis,7882,469889,2.3963106180395792,3011,16.774174326277056,6.407896332963742,4871,10.366277993313314
2014,santa_cruz,6110,311444,2.8026134485080556,1494,19.61829413955639,4.797010056382528,4616,14.821284083173861
2014,santa_fe,57637,3369365,2.4437415189085017,29374,17.10619063235951,8.71796317703781,28263,8.3882274553217
2014,santiago_del_estero,19630,918147,3.0542883811478054,5529,21.380018668034637,6.021911523971651,14101,15.358107144062986
2014,tierra_del_fuego,3025,146247,2.9548835678192176,511,20.684184974734524,3.4940887676328405,2514,17.190096207101682
2014,tucuman,30572,1572205,2.7779001920414776,10249,19.445301344290343,6.518869994688988,20323,12.926431349601355
2015,buenos_aires,283863,16660140,2.4340646082720276,136558,17.038452257904193,8.196689823734975,147305,8.841762434169219
2015,capital_federal,43255,3054267,2.0231648753320237,31714,14.162154127324166,10.383506091641626,11541,3.77864803568254
2015,catamarca,6805,396895,2.4493703804352718,2529,17.1455926630469,6.371962357802442,4276,10.77363030524446
2015,chaco,23739,1143201,2.966482459589971,7699,20.765377217129796,6.734598727607831,16040,14.030778489521964
2015,chubut,9589,566922,2.416306198837129,3189,16.914143391859902,5.625112449331654,6400,11.289030942528248
2015,cordoba,58472,3567654,2.341354530776487,28880,16.38948171543541,8.09495539645941,29592,8.294526318975999
2015,corrientes,20014,1070283,2.671389583075558,6902,18.699727081528906,6.448761682657764,13112,12.250965398871141
2015,entre_rios,22527,1321415,2.4353763633248127,10265,17.047634543273688,7.768187889497243,12262,9.279446653776445
2015,formosa,11795,579250,2.908933966335779,3597,20.362537764350453,6.209753992231334,8198,14.152783772119118
2015,jujuy,12761,727780,2.504877847701228,4105,17.534144933908596,5.640440792547198,8656,11.893704141361397
2015,la_pampa,5228,343056,2.177070632366561,2542,15.239494426565926,7.409868942679912,2686,7.829625483886014
2015,la_rioja,6104,357828,2.4369250030741023,2178,17.058475021518717,6.08672323015527,3926,10.971751791363447
2015,mendoza,33935,1885551,2.5710559634065286,13770,17.9973917438457,7.302905092463688,20165,10.694486651382011
2015,misiones,26434,1189446,3.1748273686117017,6811,22.22379158028191,5.7261952202958355,19623,16.497596359986076
2015,neuquen,11611,619745,2.6764464186307038,3262,18.735124930414926,5.263455130739255,8349,13.47166979967567
2015,rio_negro,12268,698874,2.50770729569483,4344,17.55395106986381,6.215712703577469,7924,11.33823836628634
2015,salta,27191,1333365,2.9132522388307565,7571,20.392765671815294,5.678115144765312,19620,14.714650527049983
2015,san_juan,14430,738959,2.789638628704125,4848,19.527470400928873,6.560580492287122,9582,12.96688990864175
2015,san_luis,7864,476351,2.358404981680675,3215,16.508834871764726,6.749224836307681,4649,9.759610035457046
2015,santa_cruz,6252,320469,2.786986751114327,1510,19.50890725780029,4.7118442033394805,4742,14.797063054460807
2015,santa_fe,56530,3397532,2.3769354595377723,29534,16.638548216764406,8.692780524215813,26996,7.945767692548593
2015,santiago_del_estero,18789,928097,2.8920930216807696,5925,20.24465115176539,6.3840309795204595,12864,13.860620172244928
2015,tierra_del_fuego,2948,151084,2.7874748957060786,521,19.51232426994255,3.4484128034735644,2427,16.063911466468987
2015,tucuman,28919,1592878,2.5935983259770765,10891,18.155188281839536,6.837309574242346,18028,11.317878707597188
2016,buenos_aires,268841,16841517,2.280427418911084,141644,15.962991932377587,8.41040625972114,127197,7.552585672656447
2016,capital_federal,40771,3059122,1.9039543278851156,33136,13.32768029519581,10.831866136754272,7635,2.4958141584415383
2016,catamarca,6705,400678,2.39059080572715,2604,16.73413564009005,6.498984221744144,4101,10.235151418345904
2016,chaco,22569,1155723,2.7897193853050055,8260,19.52803569713504,7.147041289305482,14309,12.380994407829556
2016,chubut,9398,577466,2.3249358898557295,3377,16.274551228990106,5.847963343296402,6021,10.426587885693703
2016,cordoba,56395,3606540,2.2338386851188594,31205,15.636870795832015,8.652337143078961,25190,6.984533652753054
2016,corrientes,19649,1080655,2.5974987391905837,7728,18.182491174334086,7.151218473981057,11921,11.031272700353028
2016,entre_rios,21886,1334489,2.3428978647043386,11101,16.40028505293037,8.318539905536877,10785,8.081745147393494
2016,formosa,11082,584614,2.708013932514201,4081,18.956097527599407,6.980674427913119,7001,11.975423099686289
2016,jujuy,11956,736542,2.318944472956056,4508,16.232611310692395,6.120492789277461,7448,10.112118521414935
2016,la_pampa,5105,346191,2.1065992885017644,2755,14.746195019512351,7.958034726494912,2350,6.788160293017439
2016,la_rioja,5820,362989,2.2905062451715383,2234,16.033543716200768,6.154456471132734,3586,9.879087245068034
2016,mendoza,32162,1907045,2.4092621980978044,14489,16.864835386684632,7.597618304759457,17673,9.267217081925175
2016,misiones,24705,1204182,2.930857390565308,7614,20.516001733957157,6.32296446882614,17091,14.193037265131018
2016,neuquen,11248,628897,2.555040241656651,3323,17.885281691596557,5.283854112835647,7925,12.601427578760909
2016,rio_negro,11749,708799,2.3679894743482586,4476,16.57592632043781,6.3149073291581965,7273,10.261018991279613
2016,salta,25733,1351878,2.719285954163658,8270,19.035001679145605,6.117415920667398,17463,12.917585758478207
2016,san_juan,13803,747488,2.637978325882346,5151,18.46584828117642,6.8910805257074355,8652,11.574767755468985
2016,san_luis,7427,482796,2.19761555605266,3228,15.38330889236862,6.686053736982079,4199,8.69725515538654
2016,santa_cruz,6101,329499,2.645141346624508,1474,18.515989426371554,4.473458189554445,4627,14.042531236817108
2016,santa_fe,54276,3425656,2.2634246654405126,32181,15.843972658083588,9.394113127529442,22095,6.449859530554146
2016,santiago_del_estero,18070,938109,2.7517362816352593,6386,19.262153971446814,6.807311303910313,11684,12.4548426675365
2016,tierra_del_fuego,2872,156071,2.6288401707281577,596,18.401881195097104,3.818774788397588,2276,14.583106406699516
2016,tucuman,27455,1613476,2.430865322535233,11301,17.01605725774663,7.004132692398276,16154,10.011924565348355
2017,buenos_aires,260846,17020578,2.189333069988239,138583,15.325331489917675,8.142085421540914,122263,7.183246068376761
2017,capital_federal,38800,3063728,1.809187089342508,32053,12.664309625397555,10.462090629455357,6747,2.2022189959421983
2017,catamarca,6426,404433,2.26984444889512,2579,15.88891114226584,6.376828794880734,3847,9.512082347385107
2017,chaco,23171,1168165,2.833626120576166,7834,19.835382844033163,6.706244408966199,15337,13.129138435066963
2017,chubut,8865,587956,2.153951267490376,3363,15.07765887243263,5.719815768526896,5502,9.357843103905735
2017,cordoba,55464,3645321,2.1735887104122162,30043,15.215120972885515,8.241523860312988,25421,6.973597112572527
2017,corrientes,19726,1090938,2.583098214563981,7290,18.081687501947865,6.682322918442662,12436,11.399364583505204
2017,entre_rios,21468,1347508,2.2759472618026337,10213,15.931630832618435,7.579175782258806,11255,8.352455050359628
2017,formosa,11299,589916,2.73622491531482,3911,19.153574407203738,6.629757456993877,7388,12.523816950209861
2017,jujuy,11615,745252,2.226476029968003,4492,15.585332209776022,6.027491372045965,7123,9.557840837730057
2017,la_pampa,4999,349299,2.0445030107239277,2706,14.311521075067493,7.746944594745476,2293,6.564576480322017
2017,la_rioja,5674,368166,2.201646617480779,2225,15.411526322365455,6.043469521900447,3449,9.368056800465009
2017,mendoza,30381,1928304,2.2507565493526216,14382,15.75529584546835,7.458367560301696,15999,8.296928285166654
2017,misiones,25319,1218771,2.9677437352874327,7120,20.77420614701203,5.841950620748278,18199,14.932255526263752
2017,neuquen,10439,637913,2.3377572087192364,3382,16.364300461034656,5.301663392970514,7057,11.062637068064141
2017,rio_negro,11212,718646,2.2287945465699184,4684,15.60156182598943,6.51781266437161,6528,9.08374916161782
2017,salta,25219,1370283,2.629175349700964,8170,18.404227447906745,5.962272027019236,17049,12.44195542088751
2017,san_juan,13368,755994,2.5260971458957155,5272,17.68268002127001,6.973600319579257,8096,10.709079701690753
2017,san_luis,7182,489225,2.0971945423884715,3223,14.680361796719302,6.58797077009556,3959,8.09239102662374
2017,santa_cruz,5688,338542,2.40020862572865,1523,16.80146038010055,4.4987032628152495,4165,12.302757117285301
2017,santa_fe,52525,3453674,2.1726345418158832,30013,15.208441792711183,8.6901658929013,22512,6.518275899809883
2017,santiago_del_estero,18298,948172,2.756883772142607,5993,19.298186404998248,6.3205831853292445,12305,12.977603219669003
2017,tierra_del_fuego,2656,161200,2.3537752570010637,559,16.476426799007445,3.467741935483871,2097,13.008684863523573
2017,tucuman,26458,1633992,2.3131779627527465,11017,16.192245739269225,6.742383071642945,15441,9.449862667626281
2018,buenos_aires,253242,17197160,2.103686223273411,135997,14.725803562913876,7.908108082962535,117245,6.817695479951341
2018,capital_federal,36472,3068043,1.6982440318749492,29723,11.887708223124644,9.687934621516062,6749,2.199773601608582
2018,catamarca,6679,408152,2.3377145209207773,2666,16.36400164644544,6.531880279895725,4013,9.832121366549716
2018,chaco,23444,1180477,2.8371097930267655,8110,19.859768551187358,6.870104203639715,15334,12.989664347547642
2018,chubut,8352,598380,1.993955107361304,3353,13.957685751529128,5.603462682576289,4999,8.35422306895284
2018,cordoba,53689,3683937,2.081972938966422,29754,14.573810572764954,8.076685350482377,23935,6.497125222282577
2018,corrientes,19779,1101084,2.566172452393667,7269,17.96320716675567,6.601676166396024,12510,11.361531000359644
2018,entre_rios,20845,1360443,2.1888878423110287,10745,15.3222148961772,7.898162583805423,10100,7.424052312371778
2018,formosa,11442,595129,2.746583393804417,3898,19.226083756630917,6.549840454758548,7544,12.676243301872368
2018,jujuy,11675,753891,2.21233194567536,4498,15.486323619727521,5.966379755163545,7177,9.519943864563977
2018,la_pampa,4788,352378,1.9410973443291013,2488,13.58768141030371,7.06059969691638,2300,6.52708171338733
2018,la_rioja,5497,373348,2.10336124550209,2334,14.723528718514629,6.25154011806679,3163,8.471988600447839
2018,mendoza,29638,1949293,2.172069565734859,13971,15.204486960144012,7.167213959112355,15667,8.037273001031657
2018,misiones,24695,1233177,2.8607873345490087,7180,20.02551134184306,5.8223596450469,17515,14.20315169679616
2018,neuquen,10185,646784,2.249591826637641,3287,15.747142786463487,5.082067583613695,6898,10.665075202849792
2018,rio_negro,10481,728403,2.0555732393822024,4590,14.389012675675417,6.30145674853069,5891,8.087555927144727
2018,salta,24868,1388532,2.5585088630088673,8178,17.90956204106207,5.889673410479557,16690,12.019888630582514
2018,san_juan,13489,764464,2.5207204001758092,5245,17.645042801230666,6.861016346093471,8244,10.784026455137194
2018,san_luis,6974,495629,2.010144108366771,3331,14.071008758567396,6.720752821162603,3643,7.3502559374047935
2018,santa_cruz,5026,347593,2.065634233140483,1641,14.459439631983383,4.721038686049489,3385,9.738400945933893
2018,santa_fe,50622,3481514,2.0771751271757877,29382,14.540225890230515,8.439431810413515,21240,6.100794079817
2018,santiago_del_estero,18642,958251,2.7791704440098237,6163,19.454193108068765,6.431509072257686,12479,13.022684035811078
2018,tierra_del_fuego,2661,166487,2.2833185602651085,603,15.98322992185576,3.6219044129571683,2058,12.361325508898592
2018,tucuman,27166,1654388,2.3457962357422457,11101,16.42057365019572,6.710034163690742,16065,9.710539486504977
2019,buenos_aires,228455,17371119,1.8787752574505172,137993,13.15142680215362,7.943817551419687,90462,5.207609250733934
2019,capital_federal,32371,3072029,1.5053336317556154,30895,10.537335422289308,10.056871207921539,1476,0.4804642143677693
2019,catamarca,5698,411824,1.976572516414779,2526,13.836007614903453,6.133688177473872,3172,7.702319437429581
2019,chaco,20940,1192616,2.5082914965324727,8222,17.55804047572731,6.894088289944123,12718,10.663952185783188
2019,chubut,7630,608729,1.79061618552755,3374,12.53431329869285,5.542696339421976,4256,6.991616959270873
2019,cordoba,50195,3722332,1.9264037398368241,30181,13.48482617885777,8.108089230084795,20014,5.376736948772974
2019,corrientes,17928,1111052,2.305151205472703,7486,16.13605843830892,6.7377584487494735,10442,9.398299989559444
2019,entre_rios,18750,1373270,1.9505060392868325,10565,13.653542275007828,7.693315953891077,8185,5.9602263211167505
2019,formosa,10010,600229,2.3824240414908315,3815,16.67696829043582,6.355907495305958,6195,10.321060795129862
2019,jujuy,10105,762440,1.8933574164149685,4534,13.25350191490478,5.9466974450448555,5571,7.306804469859924
2019,la_pampa,4285,355422,1.7222987241725531,2454,12.056091069207872,6.904468490976924,1831,5.151622578230948
2019,la_rioja,5089,378523,1.9206230532887039,2282,13.444361373020927,6.028695746361516,2807,7.415665626659411
2019,mendoza,26692,1969982,1.935623197137262,14284,13.549362379960833,7.25082767253711,12408,6.298534707423723
2019,misiones,22797,1247362,2.610881432747098,7268,18.276170029229686,5.826696660632599,15529,12.449473368597086
2019,neuquen,9403,655501,2.049250442464183,3521,14.34475309724928,5.371463964204478,5882,8.973289133044801
2019,rio_negro,9558,738060,1.8500238075882331,4643,12.950166653117632,6.290816464786061,4915,6.6593501883315716
2019,salta,22454,1406584,2.2804996258412475,8046,15.963497380888734,5.720241379114222,14408,10.243256001774512
2019,san_juan,12318,772876,2.2768390863660994,5179,15.937873604562697,6.700945559184138,7139,9.236928045378558
2019,san_luis,6532,502000,1.8588503130335798,3383,13.011952191235059,6.739043824701196,3149,6.272908366533863
2019,santa_cruz,4667,356647,1.8693954686686998,1603,13.085768280680899,4.494640358673983,3064,8.591127922006915
2019,santa_fe,45947,3509113,1.8705174620643856,29773,13.093622234450699,8.484480266095735,16174,4.6091419683549635
2019,santiago_del_estero,17559,968309,2.5905248959046867,6351,18.133674271332808,6.5588567285856065,11208,11.574817542747201
2019,tierra_del_fuego,2349,171941,1.9516661446160517,581,13.661663012312362,3.37906607499084,1768,10.282596937321522
2019,tucuman,24343,1674622,2.076630683564069,11436,14.536414784948484,6.829003799066297,12907,7.707410985882187
2020,buenos_aires,201232,17542343,1.6387450964462713,150105,11.471215675123899,8.556724720295344,51127,2.9144909548285547
2020,capital_federal,28043,3075646,1.3025370465726085,35569,9.11775932600826,11.564724939085966,-7526,-2.4469656130777064
2020,catamarca,5034,415438,1.7310473696264115,2466,12.11733158738488,5.935903793105108,2568,6.181427794279772
2020,chaco,18288,1204541,2.1689352446877512,8740,15.18254671281426,7.2558758896542335,9548,7.926670823160026
2020,chubut,6837,618994,1.577905901695793,3873,11.045341311870551,6.2569265614852485,2964,4.788414750385303
2020,cordoba,45205,3760450,1.7173096684857245,33082,12.021167679400072,8.797351380818785,12123,3.223816298581287
2020,corrientes,16675,1120801,2.1253932296124445,7324,14.87775260728711,6.53461229959645,9351,8.34314030769066
2020,entre_rios,16900,1385961,1.741957900897438,10842,12.193705306282066,7.822730942645572,6058,4.370974363636494
2020,formosa,8900,605193,2.100864635626274,3690,14.706052449383916,6.097228487441196,5210,8.60882396194272
2020,jujuy,8918,770881,1.652654560172063,6522,11.56858192120444,8.460449797050387,2396,3.1081321241540536
2020,la_pampa,3977,358428,1.5850961898703706,2423,11.095673329092595,6.7600745477473865,1554,4.335598781345208
2020,la_rioja,4622,383678,1.720937125104161,2839,12.046559875729127,7.3994339003018155,1783,4.647125975427311
2020,mendoza,23538,1990338,1.689447434843443,16514,11.826132043904101,8.297083208982595,7024,3.5290488349215057
2020,misiones,21151,1261294,2.395612306545047,7072,16.76928614581533,5.6069401741386224,14079,11.162345971676707
2020,neuquen,8227,664057,1.7698566753843636,4353,12.388996727690545,6.555160174503093,3874,5.833836553187452
2020,rio_negro,8677,747610,1.658045543226319,5791,11.606318802584234,7.746017308489721,2886,3.8603014940945126
2020,salta,19830,1424397,1.9888115061019804,9736,13.921680542713863,6.835173059196277,10094,7.086507483517586
2020,san_juan,11159,781217,2.040589051624398,5598,14.284123361370785,7.165742680970844,5561,7.118380680399941
2020,san_luis,6130,508328,1.7227347022282575,3564,12.059142915597803,7.011221101336145,2566,5.047921814261659
2020,santa_cruz,4201,365698,1.6410887047313825,1940,11.487620933119677,5.304923734885069,2261,6.182697198234608
2020,santa_fe,41023,3536418,1.6571651234182645,32730,11.600155863927851,9.255127646109708,8293,2.345028217818143
2020,santiago_del_estero,15195,978313,2.2188341417463384,6240,15.531838992224369,6.378326772719978,8955,9.15351221950439
2020,tierra_del_fuego,1897,177578,1.5260899435740913,850,10.68262960501864,4.78662897430988,1047,5.89600063070876
2020,tucuman,21205,1694656,1.7875519953817849,12967,12.512863967672494,7.651700404093811,8238,4.861163563578684
2021,buenos_aires,179490,17711043,1.44776502272783,177133,10.13435515909481,10.001274346180516,2357,0.13308081291429374
2021,capital_federal,24724,3078836,1.1471867939701887,36201,8.030307557791321,11.758015042048358,-11477,-3.727707484257037
2021,catamarca,4644,418991,1.5833957565402872,3572,11.08377029578201,8.52524278564456,1072,2.5585275101374503
2021,chaco,16719,1216247,1.9637693424350247,11231,13.746385397045172,9.234144051331679,5488,4.512241345713493
2021,chubut,6090,629181,1.3827499558950447,4484,9.679249691265312,7.126725060038367,1606,2.5525246312269454
2021,cordoba,42752,3798261,1.6079538955928967,37491,11.255677269150278,9.870569715983184,5261,1.385107553167094
2021,corrientes,15440,1130320,1.951406934066712,9324,13.659848538466983,8.248991436053506,6116,5.410857102413477
2021,entre_rios,15990,1398510,1.6333710265108683,13097,11.433597185576078,9.36496700059349,2893,2.068630184982588
2021,formosa,8258,610019,1.933897609278212,5134,13.537283264947485,8.416131300828335,3124,5.12115196411915
2021,jujuy,7996,779212,1.46594984970164,5786,10.26164894791148,7.425450326740347,2210,2.8361986211711327
2021,la_pampa,3645,361394,1.4408492828167756,3445,10.085944979717429,9.532532360802891,200,0.5534126189145372
2021,la_rioja,4225,388804,1.5523796786335236,3176,10.866657750434666,8.168640240326745,1049,2.6980175101079205
2021,mendoza,21887,2010363,1.555298364382097,18086,10.88708855067468,8.99638522993111,3801,1.8907033207435688
2021,misiones,20301,1274992,2.2746361209661368,9643,15.922452846762958,7.563184710178573,10658,8.359268136584385
2021,neuquen,7420,672461,1.5762995920953036,5202,11.034097144667125,7.735764601962047,2218,3.2983325427050785
2021,rio_negro,8005,757052,1.5105586255256291,6686,10.573910378679404,8.831625832835789,1319,1.7422845458436154
2021,salta,18699,1441988,1.8525020418240057,10092,12.96751429276804,6.998671278817854,8607,5.9688430139501865
2021,san_juan,10615,789489,1.9207722608276636,6891,13.445405825793646,8.728430668445032,3724,4.716975157348614
2021,san_luis,5692,514610,1.5801147609701662,4673,11.060803326791163,9.080663026369484,1019,1.980140300421679
2021,santa_cruz,3384,374756,1.2899822055646113,2298,9.02987543895228,6.131989881416175,1086,2.897885557536105
2021,santa_fe,41226,3563390,1.6527600322806573,37931,11.569320225964601,10.644638953356214,3295,0.9246812726083871
2021,santiago_del_estero,14469,988245,2.0915866004887453,8229,14.641106203421216,8.32688250383255,6240,6.314223699588666
2021,tierra_del_fuego,1655,183395,1.2891767574283455,849,9.024237301998419,4.629351945254777,806,4.394885356743641
2021,tucuman,20629,1714487,1.7188815079962694,14906,12.032170555973886,8.694145829043906,5723,3.33802472692998
2022,buenos_aires,164081,17877442,1.3111575390451755,158015,9.178102773316228,8.838792484965131,6066,0.339310288351097
2022,capital_federal,23397,3081550,1.0846582308995705,33331,7.592607616296994,10.816309973876782,-9934,-3.2237023575797883
2022,catamarca,4549,422476,1.5382107927009887,3182,10.767475548906921,7.531788788002158,1367,3.2356867609047626
2022,chaco,13783,1227736,1.6037649787902286,9895,11.2263548515316,8.059550261619762,3888,3.1668045899118376
2022,chubut,5683,639294,1.2699276746804176,4125,8.889493722762923,6.452430337215741,1558,2.437063385547182
2022,cordoba,39133,3835738,1.457458400815846,35811,10.202208805710923,9.33614339665535,3322,0.8660654090555724
2022,corrientes,14088,1139604,1.7660269958436692,8984,12.362188970905684,7.883440212565066,5104,4.478748758340618
2022,entre_rios,14315,1410908,1.4494212237792967,12806,10.145948566455077,9.076424543627224,1509,1.0695240228278529
2022,formosa,7814,614706,1.8159668431505698,4702,12.711767902053989,7.649185138911935,3112,5.0625827631420535
2022,jujuy,6751,787436,1.224770738737588,5452,8.573395171163115,6.923737294205497,1299,1.649657876957618
2022,la_pampa,3354,364322,1.3151631170855924,2935,9.206141819599146,8.056060298307541,419,1.1500815212916056
2022,la_rioja,4136,393892,1.5000485992534573,2771,10.500340194774202,7.0349232784621165,1365,3.465416916312085
2022,mendoza,20683,2030061,1.4554805425621622,16466,10.188363797935136,8.111086317110667,4217,2.0772774808244687
2022,misiones,18918,1288476,2.09749458163864,9457,14.68246207147048,7.339678814351218,9461,7.342783257119263
2022,neuquen,7224,680726,1.51602847548059,4185,10.61219932836413,6.147848032835531,3039,4.464351295528598
2022,rio_negro,7359,766387,1.3717426238776418,5457,9.602198367143492,7.12042349361354,1902,2.481774873529952
2022,salta,17636,1459378,1.7263714893801136,9534,12.084600425660796,6.532920189286121,8102,5.551680236374675
2022,san_juan,9948,797697,1.7815572293024258,6190,12.47090060511698,7.759838635471865,3758,4.711061969645116
2022,san_luis,5289,520845,1.4506646479690286,3982,10.1546525357832,7.645268745980091,1307,2.509383789803109
2022,santa_cruz,3514,383827,1.307880894257048,1962,9.155166259799335,5.111677917395077,1552,4.043488342404259
2022,santa_fe,38242,3589999,1.521767236465207,34846,10.65237065525645,9.706409388971975,3396,0.9459612662844741
2022,santiago_del_estero,13992,998093,2.0026762464591403,7163,14.018733725213982,7.176685940087747,6829,6.842047785126235
2022,tierra_del_fuego,1510,189413,1.1388568140216653,758,7.971997698151657,4.001837255098646,752,3.970160443053011
2022,tucuman,18658,1734118,1.537051441383211,13646,10.759360089682477,7.869130013067162,5012,2.8902300766153157
