anio,id_jurisdiccion,provincia,defunciones
1914,119852,buenos_aires,25599
1914,119852,capital_federal,23486
1914,119852,catamarca,1483
1914,119852,chaco,475
1914,119852,chubut,453
1914,119852,cordoba,12939
1914,119852,corrientes,4483
1914,119852,entre_rios,6124
1914,119852,formosa,149
1914,119852,jujuy,2084
1914,119852,la_pampa,1050
1914,119852,la_rioja,1071
1914,119852,mendoza,6110
1914,119852,misiones,777
1914,119852,neuquen,417
1914,119852,rio_negro,500
1914,119852,salta,3440
1914,119852,san_juan,2682
1914,119852,san_luis,1752
1914,119852,santa_cruz,111
1914,119852,santa_fe,12835
1914,119852,santiago_del_estero,3400
1914,119852,tierra_del_fuego,44
1914,119852,tucuman,8388
1915,124885,buenos_aires,26283
1915,124885,capital_federal,23904
1915,124885,catamarca,1345
1915,124885,chaco,492
1915,124885,chubut,446
1915,124885,cordoba,14239
1915,124885,corrientes,5348
1915,124885,entre_rios,6692
1915,124885,formosa,227
1915,124885,jujuy,2022
1915,124885,la_pampa,1745
1915,124885,la_rioja,979
1915,124885,mendoza,6029
1915,124885,misiones,770
1915,124885,neuquen,374
1915,124885,rio_negro,611
1915,124885,salta,3240
1915,124885,san_juan,2760
1915,124885,san_luis,1835
1915,124885,santa_cruz,136
1915,124885,santa_fe,13957
1915,124885,santiago_del_estero,3358
1915,124885,tierra_del_fuego,12
1915,124885,tucuman,8081
1916,137952,buenos_aires,29696
1916,137952,capital_federal,23289
1916,137952,catamarca,1651
1916,137952,chaco,665
1916,137952,chubut,611
1916,137952,cordoba,15770
1916,137952,corrientes,5495
1916,137952,entre_rios,8626
1916,137952,formosa,328
1916,137952,jujuy,2414
1916,137952,la_pampa,2328
1916,137952,la_rioja,1055
1916,137952,mendoza,6652
1916,137952,misiones,900
1916,137952,neuquen,363
1916,137952,rio_negro,547
1916,137952,salta,3438
1916,137952,san_juan,2831
1916,137952,san_luis,2054
1916,137952,santa_cruz,155
1916,137952,santa_fe,17078
1916,137952,santiago_del_estero,3598
1916,137952,tierra_del_fuego,3
1916,137952,tucuman,8405
1917,129691,buenos_aires,26543
1917,129691,capital_federal,22337
1917,129691,catamarca,1566
1917,129691,chaco,847
1917,129691,chubut,368
1917,129691,cordoba,15440
1917,129691,corrientes,5377
1917,129691,entre_rios,7732
1917,129691,formosa,212
1917,129691,jujuy,1203
1917,129691,la_pampa,1186
1917,129691,la_rioja,975
1917,129691,mendoza,7108
1917,129691,misiones,644
1917,129691,neuquen,318
1917,129691,rio_negro,450
1917,129691,salta,3067
1917,129691,san_juan,2848
1917,129691,san_luis,2017
1917,129691,santa_cruz,95
1917,129691,santa_fe,15092
1917,129691,santiago_del_estero,4393
1917,129691,tierra_del_fuego,8
1917,129691,tucuman,9865
1918,148097,buenos_aires,29320
1918,148097,capital_federal,23805
1918,148097,catamarca,2701
1918,148097,chaco,971
1918,148097,chubut,409
1918,148097,cordoba,16942
1918,148097,corrientes,6175
1918,148097,entre_rios,8294
1918,148097,formosa,225
1918,148097,jujuy,2596
1918,148097,la_pampa,1315
1918,148097,la_rioja,1258
1918,148097,mendoza,6723
1918,148097,misiones,712
1918,148097,neuquen,346
1918,148097,rio_negro,497
1918,148097,salta,4042
1918,148097,san_juan,4844
1918,148097,san_luis,2588
1918,148097,santa_cruz,109
1918,148097,santa_fe,17032
1918,148097,santiago_del_estero,4311
1918,148097,tierra_del_fuego,9
1918,148097,tucuman,12873
1919,150862,buenos_aires,29366
1919,150862,capital_federal,23800
1919,150862,catamarca,2091
1919,150862,chaco,754
1919,150862,chubut,314
1919,150862,cordoba,17227
1919,150862,corrientes,5663
1919,150862,entre_rios,7529
1919,150862,formosa,179
1919,150862,jujuy,3658
1919,150862,la_pampa,1006
1919,150862,la_rioja,1632
1919,150862,mendoza,7382
1919,150862,misiones,544
1919,150862,neuquen,269
1919,150862,rio_negro,379
1919,150862,salta,6425
1919,150862,san_juan,4211
1919,150862,san_luis,2437
1919,150862,santa_cruz,73
1919,150862,santa_fe,17009
1919,150862,santiago_del_estero,5216
1919,150862,tierra_del_fuego,8
1919,150862,tucuman,13690
1920,129854,buenos_aires,27410
1920,129854,capital_federal,24123
1920,129854,catamarca,1456
1920,129854,chaco,887
1920,129854,chubut,362
1920,129854,cordoba,15377
1920,129854,corrientes,5320
1920,129854,entre_rios,6990
1920,129854,formosa,275
1920,129854,jujuy,2231
1920,129854,la_pampa,907
1920,129854,la_rioja,1013
1920,129854,mendoza,6192
1920,129854,misiones,742
1920,129854,neuquen,242
1920,129854,rio_negro,422
1920,129854,salta,3955
1920,129854,san_juan,2794
1920,129854,san_luis,1898
1920,129854,santa_cruz,89
1920,129854,santa_fe,15164
1920,129854,santiago_del_estero,3428
1920,129854,tierra_del_fuego,10
1920,129854,tucuman,8567
1921,136266,buenos_aires,28898
1921,136266,capital_federal,23860
1921,136266,catamarca,1110
1921,136266,chaco,1148
1921,136266,chubut,465
1921,136266,cordoba,14876
1921,136266,corrientes,5319
1921,136266,entre_rios,7475
1921,136266,formosa,365
1921,136266,jujuy,2631
1921,136266,la_pampa,1156
1921,136266,la_rioja,937
1921,136266,mendoza,7442
1921,136266,misiones,955
1921,136266,neuquen,322
1921,136266,rio_negro,547
1921,136266,salta,4183
1921,136266,san_juan,3746
1921,136266,san_luis,1867
1921,136266,santa_cruz,118
1921,136266,santa_fe,15929
1921,136266,santiago_del_estero,3765
1921,136266,tierra_del_fuego,13
1921,136266,tucuman,9139
1922,124681,buenos_aires,27086
1922,124681,capital_federal,23691
1922,124681,catamarca,1038
1922,124681,chaco,1190
1922,124681,chubut,472
1922,124681,cordoba,14152
1922,124681,corrientes,4777
1922,124681,entre_rios,6589
1922,124681,formosa,361
1922,124681,jujuy,2230
1922,124681,la_pampa,1159
1922,124681,la_rioja,836
1922,124681,mendoza,6006
1922,124681,misiones,986
1922,124681,neuquen,335
1922,124681,rio_negro,556
1922,124681,salta,3438
1922,124681,san_juan,2991
1922,124681,san_luis,1873
1922,124681,santa_cruz,105
1922,124681,santa_fe,14040
1922,124681,santiago_del_estero,3512
1922,124681,tierra_del_fuego,13
1922,124681,tucuman,7245
1923,133588,buenos_aires,27631
1923,133588,capital_federal,24353
1923,133588,catamarca,1333
1923,133588,chaco,875
1923,133588,chubut,339
1923,133588,cordoba,15529
1923,133588,corrientes,4886
1923,133588,entre_rios,7230
1923,133588,formosa,270
1923,133588,jujuy,2574
1923,133588,la_pampa,825
1923,133588,la_rioja,930
1923,133588,mendoza,7056
1923,133588,misiones,711
1923,133588,neuquen,233
1923,133588,rio_negro,387
1923,133588,salta,4453
1923,133588,san_juan,3691
1923,133588,san_luis,2319
1923,133588,santa_cruz,78
1923,133588,santa_fe,14495
1923,133588,santiago_del_estero,3918
1923,133588,tierra_del_fuego,11
1923,133588,tucuman,9461
1924,136454,buenos_aires,28706
1924,136454,capital_federal,25219
1924,136454,catamarca,1337
1924,136454,chaco,1474
1924,136454,chubut,560
1924,136454,cordoba,15015
1924,136454,corrientes,5122
1924,136454,entre_rios,7127
1924,136454,formosa,424
1924,136454,jujuy,2765
1924,136454,la_pampa,1404
1924,136454,la_rioja,818
1924,136454,mendoza,6189
1924,136454,misiones,1772
1924,136454,neuquen,389
1924,136454,rio_negro,644
1924,136454,salta,4196
1924,136454,san_juan,3095
1924,136454,san_luis,2042
1924,136454,santa_cruz,138
1924,136454,santa_fe,14806
1924,136454,santiago_del_estero,3870
1924,136454,tierra_del_fuego,17
1924,136454,tucuman,9925
1925,138133,buenos_aires,30253
1925,138133,capital_federal,25421
1925,138133,catamarca,1186
1925,138133,chaco,1453
1925,138133,chubut,529
1925,138133,cordoba,15348
1925,138133,corrientes,4616
1925,138133,entre_rios,7727
1925,138133,formosa,397
1925,138133,jujuy,2661
1925,138133,la_pampa,1257
1925,138133,la_rioja,976
1925,138133,mendoza,6538
1925,138133,misiones,1105
1925,138133,neuquen,362
1925,138133,rio_negro,608
1925,138133,salta,4046
1925,138133,san_juan,3261
1925,138133,san_luis,1816
1925,138133,santa_cruz,130
1925,138133,santa_fe,15191
1925,138133,santiago_del_estero,3978
1925,138133,tierra_del_fuego,15
1925,138133,tucuman,9259
1926,136445,buenos_aires,29913
1926,136445,capital_federal,25788
1926,136445,catamarca,1242
1926,136445,chaco,1387
1926,136445,chubut,493
1926,136445,cordoba,15300
1926,136445,corrientes,4207
1926,136445,entre_rios,7651
1926,136445,formosa,380
1926,136445,jujuy,2750
1926,136445,la_pampa,1178
1926,136445,la_rioja,990
1926,136445,mendoza,6477
1926,136445,misiones,1031
1926,136445,neuquen,346
1926,136445,rio_negro,548
1926,136445,salta,4445
1926,136445,san_juan,3137
1926,136445,san_luis,1629
1926,136445,santa_cruz,106
1926,136445,santa_fe,13261
1926,136445,santiago_del_estero,4087
1926,136445,tierra_del_fuego,15
1926,136445,tucuman,10084
1927,147092,buenos_aires,32943
1927,147092,capital_federal,26531
1927,147092,catamarca,1241
1927,147092,chaco,2011
1927,147092,chubut,735
1927,147092,cordoba,15835
1927,147092,corrientes,4780
1927,147092,entre_rios,7914
1927,147092,formosa,532
1927,147092,jujuy,3011
1927,147092,la_pampa,1668
1927,147092,la_rioja,1004
1927,147092,mendoza,6234
1927,147092,misiones,1509
1927,147092,neuquen,481
1927,147092,rio_negro,789
1927,147092,salta,4771
1927,147092,san_juan,3669
1927,147092,san_luis,2050
1927,147092,santa_cruz,158
1927,147092,santa_fe,15728
1927,147092,santiago_del_estero,4199
1927,147092,tierra_del_fuego,20
1927,147092,tucuman,9279
1928,142033,buenos_aires,31432
1928,142033,capital_federal,26313
1928,142033,catamarca,1407
1928,142033,chaco,2161
1928,142033,chubut,764
1928,142033,cordoba,15831
1928,142033,corrientes,4348
1928,142033,entre_rios,6951
1928,142033,formosa,540
1928,142033,jujuy,2443
1928,142033,la_pampa,1696
1928,142033,la_rioja,1019
1928,142033,mendoza,6910
1928,142033,misiones,1569
1928,142033,neuquen,502
1928,142033,rio_negro,794
1928,142033,salta,4040
1928,142033,san_juan,3746
1928,142033,san_luis,2235
1928,142033,santa_cruz,169
1928,142033,santa_fe,14163
1928,142033,santiago_del_estero,4313
1928,142033,tierra_del_fuego,22
1928,142033,tucuman,8665
1929,151361,buenos_aires,34075
1929,151361,capital_federal,28702
1929,151361,catamarca,1345
1929,151361,chaco,2091
1929,151361,chubut,700
1929,151361,cordoba,18292
1929,151361,corrientes,4457
1929,151361,entre_rios,7129
1929,151361,formosa,498
1929,151361,jujuy,2317
1929,151361,la_pampa,1574
1929,151361,la_rioja,1034
1929,151361,mendoza,6816
1929,151361,misiones,1462
1929,151361,neuquen,470
1929,151361,rio_negro,750
1929,151361,salta,4722
1929,151361,san_juan,3498
1929,151361,san_luis,2364
1929,151361,santa_cruz,139
1929,151361,santa_fe,14978
1929,151361,santiago_del_estero,4428
1929,151361,tierra_del_fuego,21
1929,151361,tucuman,9499
1930,145185,buenos_aires,32233
1930,145185,capital_federal,27095
1930,145185,catamarca,1255
1930,145185,chaco,2799
1930,145185,chubut,950
1930,145185,cordoba,14749
1930,145185,corrientes,4363
1930,145185,entre_rios,7399
1930,145185,formosa,667
1930,145185,jujuy,2965
1930,145185,la_pampa,2097
1930,145185,la_rioja,1049
1930,145185,mendoza,6130
1930,145185,misiones,1981
1930,145185,neuquen,627
1930,145185,rio_negro,1009
1930,145185,salta,4571
1930,145185,san_juan,3152
1930,145185,san_luis,1950
1930,145185,santa_cruz,190
1930,145185,santa_fe,14246
1930,145185,santiago_del_estero,4546
1930,145185,tierra_del_fuego,27
1930,145185,tucuman,9135
1931,144187,buenos_aires,32149
1931,144187,capital_federal,26763
1931,144187,catamarca,1391
1931,144187,chaco,2594
1931,144187,chubut,859
1931,144187,cordoba,15178
1931,144187,corrientes,4492
1931,144187,entre_rios,7974
1931,144187,formosa,590
1931,144187,jujuy,2530
1931,144187,la_pampa,1843
1931,144187,la_rioja,1064
1931,144187,mendoza,6511
1931,144187,misiones,1764
1931,144187,neuquen,551
1931,144187,rio_negro,884
1931,144187,salta,4688
1931,144187,san_juan,3559
1931,144187,san_luis,2110
1931,144187,santa_cruz,176
1931,144187,santa_fe,14391
1931,144187,santiago_del_estero,3669
1931,144187,tierra_del_fuego,24
1931,144187,tucuman,8433
1932,140802,buenos_aires,31122
1932,140802,capital_federal,26177
1932,140802,catamarca,1475
1932,140802,chaco,2438
1932,140802,chubut,814
1932,140802,cordoba,15674
1932,140802,corrientes,4360
1932,140802,entre_rios,7740
1932,140802,formosa,543
1932,140802,jujuy,2088
1932,140802,la_pampa,1744
1932,140802,la_rioja,1078
1932,140802,mendoza,5736
1932,140802,misiones,1670
1932,140802,neuquen,504
1932,140802,rio_negro,807
1932,140802,salta,4223
1932,140802,san_juan,3415
1932,140802,san_luis,1940
1932,140802,santa_cruz,172
1932,140802,santa_fe,13931
1932,140802,santiago_del_estero,4557
1932,140802,tierra_del_fuego,24
1932,140802,tucuman,8570
1933,142286,buenos_aires,30901
1933,142286,capital_federal,25768
1933,142286,catamarca,1360
1933,142286,chaco,2121
1933,142286,chubut,808
1933,142286,cordoba,15168
1933,142286,corrientes,4662
1933,142286,entre_rios,7776
1933,142286,formosa,563
1933,142286,jujuy,2464
1933,142286,la_pampa,1395
1933,142286,la_rioja,1084
1933,142286,mendoza,6229
1933,142286,misiones,1653
1933,142286,neuquen,936
1933,142286,rio_negro,1337
1933,142286,salta,4516
1933,142286,san_juan,3904
1933,142286,san_luis,1889
1933,142286,santa_cruz,180
1933,142286,santa_fe,13638
1933,142286,santiago_del_estero,4290
1933,142286,tierra_del_fuego,31
1933,142286,tucuman,9613
1934,143027,buenos_aires,31328
1934,143027,capital_federal,26229
1934,143027,catamarca,1348
1934,143027,chaco,2375
1934,143027,chubut,991
1934,143027,cordoba,14051
1934,143027,corrientes,4675
1934,143027,entre_rios,8041
1934,143027,formosa,515
1934,143027,jujuy,2776
1934,143027,la_pampa,1278
1934,143027,la_rioja,1002
1934,143027,mendoza,6222
1934,143027,misiones,1778
1934,143027,neuquen,823
1934,143027,rio_negro,1437
1934,143027,salta,4827
1934,143027,san_juan,3456
1934,143027,san_luis,1864
1934,143027,santa_cruz,214
1934,143027,santa_fe,13918
1934,143027,santiago_del_estero,4367
1934,143027,tierra_del_fuego,24
1934,143027,tucuman,9488
1935,162768,buenos_aires,35241
1935,162768,capital_federal,26739
1935,162768,catamarca,1585
1935,162768,chaco,2974
1935,162768,chubut,1001
1935,162768,cordoba,17212
1935,162768,corrientes,4807
1935,162768,entre_rios,9716
1935,162768,formosa,458
1935,162768,jujuy,3849
1935,162768,la_pampa,1822
1935,162768,la_rioja,1274
1935,162768,mendoza,6975
1935,162768,misiones,1613
1935,162768,neuquen,887
1935,162768,rio_negro,1690
1935,162768,salta,5817
1935,162768,san_juan,3841
1935,162768,san_luis,2426
1935,162768,santa_cruz,203
1935,162768,santa_fe,14774
1935,162768,santiago_del_estero,5481
1935,162768,tierra_del_fuego,30
1935,162768,tucuman,12353
1936,150092,buenos_aires,33194
1936,150092,capital_federal,26108
1936,150092,catamarca,1495
1936,150092,chaco,2817
1936,150092,chubut,918
1936,150092,cordoba,15592
1936,150092,corrientes,4610
1936,150092,entre_rios,8012
1936,150092,formosa,463
1936,150092,jujuy,3346
1936,150092,la_pampa,1381
1936,150092,la_rioja,1161
1936,150092,mendoza,6182
1936,150092,misiones,1831
1936,150092,neuquen,760
1936,150092,rio_negro,1361
1936,150092,salta,5490
1936,150092,san_juan,3167
1936,150092,san_luis,2037
1936,150092,santa_cruz,222
1936,150092,santa_fe,14309
1936,150092,santiago_del_estero,4872
1936,150092,tierra_del_fuego,23
1936,150092,tucuman,10741
1937,155440,buenos_aires,35165
1937,155440,capital_federal,27381
1937,155440,catamarca,1425
1937,155440,chaco,3085
1937,155440,chubut,1016
1937,155440,cordoba,16605
1937,155440,corrientes,4689
1937,155440,entre_rios,8096
1937,155440,formosa,498
1937,155440,jujuy,2926
1937,155440,la_pampa,1619
1937,155440,la_rioja,1042
1937,155440,mendoza,6128
1937,155440,misiones,1852
1937,155440,neuquen,872
1937,155440,rio_negro,1500
1937,155440,salta,4821
1937,155440,san_juan,3403
1937,155440,san_luis,2115
1937,155440,santa_cruz,231
1937,155440,santa_fe,15677
1937,155440,santiago_del_estero,5011
1937,155440,tierra_del_fuego,34
1937,155440,tucuman,10249
1938,161715,buenos_aires,36028
1938,161715,capital_federal,28311
1938,161715,catamarca,1636
1938,161715,chaco,2690
1938,161715,chubut,1230
1938,161715,cordoba,16450
1938,161715,corrientes,4925
1938,161715,entre_rios,8139
1938,161715,formosa,567
1938,161715,jujuy,3613
1938,161715,la_pampa,1574
1938,161715,la_rioja,1072
1938,161715,mendoza,7006
1938,161715,misiones,2310
1938,161715,neuquen,987
1938,161715,rio_negro,1571
1938,161715,salta,5249
1938,161715,san_juan,3450
1938,161715,san_luis,2361
1938,161715,santa_cruz,277
1938,161715,santa_fe,15254
1938,161715,santiago_del_estero,5050
1938,161715,tierra_del_fuego,33
1938,161715,tucuman,11932
1939,149092,buenos_aires,34224
1939,149092,capital_federal,26517
1939,149092,catamarca,1299
1939,149092,chaco,2603
1939,149092,chubut,1077
1939,149092,cordoba,15537
1939,149092,corrientes,4332
1939,149092,entre_rios,7675
1939,149092,formosa,498
1939,149092,jujuy,3000
1939,149092,la_pampa,1395
1939,149092,la_rioja,925
1939,149092,mendoza,6249
1939,149092,misiones,1964
1939,149092,neuquen,1298
1939,149092,rio_negro,1528
1939,149092,salta,4082
1939,149092,san_juan,3352
1939,149092,san_luis,2148
1939,149092,santa_cruz,253
1939,149092,santa_fe,14439
1939,149092,santiago_del_estero,4519
1939,149092,tierra_del_fuego,28
1939,149092,tucuman,10150
1940,152105,buenos_aires,35359
1940,152105,capital_federal,28537
1940,152105,catamarca,1478
1940,152105,chaco,3172
1940,152105,chubut,1211
1940,152105,cordoba,15015
1940,152105,corrientes,4665
1940,152105,entre_rios,7663
1940,152105,formosa,699
1940,152105,jujuy,3262
1940,152105,la_pampa,1465
1940,152105,la_rioja,1006
1940,152105,mendoza,6127
1940,152105,misiones,1990
1940,152105,neuquen,1036
1940,152105,rio_negro,1668
1940,152105,salta,4025
1940,152105,san_juan,3242
1940,152105,san_luis,2025
1940,152105,santa_cruz,257
1940,152105,santa_fe,14590
1940,152105,santiago_del_estero,4773
1940,152105,tierra_del_fuego,37
1940,152105,tucuman,8803
1941,149336,buenos_aires,34532
1941,149336,capital_federal,27895
1941,149336,catamarca,1407
1941,149336,chaco,3294
1941,149336,chubut,1302
1941,149336,cordoba,13899
1941,149336,corrientes,4668
1941,149336,entre_rios,7799
1941,149336,formosa,768
1941,149336,jujuy,3410
1941,149336,la_pampa,1511
1941,149336,la_rioja,1011
1941,149336,mendoza,5862
1941,149336,misiones,2062
1941,149336,neuquen,1010
1941,149336,rio_negro,1647
1941,149336,salta,4492
1941,149336,san_juan,2912
1941,149336,san_luis,1759
1941,149336,santa_cruz,253
1941,149336,santa_fe,14254
1941,149336,santiago_del_estero,4922
1941,149336,tierra_del_fuego,37
1941,149336,tucuman,8630
1942,150731,buenos_aires,35200
1942,150731,capital_federal,28440
1942,150731,catamarca,1398
1942,150731,chaco,2985
1942,150731,chubut,1311
1942,150731,cordoba,14137
1942,150731,corrientes,4807
1942,150731,entre_rios,7516
1942,150731,formosa,697
1942,150731,jujuy,3179
1942,150731,la_pampa,1466
1942,150731,la_rioja,1010
1942,150731,mendoza,6059
1942,150731,misiones,2161
1942,150731,neuquen,1180
1942,150731,rio_negro,1663
1942,150731,salta,4761
1942,150731,san_juan,2876
1942,150731,san_luis,1851
1942,150731,santa_cruz,283
1942,150731,santa_fe,14331
1942,150731,santiago_del_estero,4817
1942,150731,tierra_del_fuego,38
1942,150731,tucuman,8565
1943,150806,buenos_aires,34492
1943,150806,capital_federal,28671
1943,150806,catamarca,1501
1943,150806,chaco,3535
1943,150806,chubut,1113
1943,150806,cordoba,14056
1943,150806,corrientes,5545
1943,150806,entre_rios,7640
1943,150806,formosa,803
1943,150806,jujuy,3158
1943,150806,la_pampa,1445
1943,150806,la_rioja,968
1943,150806,mendoza,5522
1943,150806,misiones,2312
1943,150806,neuquen,1172
1943,150806,rio_negro,1581
1943,150806,salta,4581
1943,150806,san_juan,3095
1943,150806,san_luis,1911
1943,150806,santa_cruz,272
1943,150806,santa_fe,13723
1943,150806,santiago_del_estero,5504
1943,150806,tierra_del_fuego,44
1943,150806,tucuman,8162
1944,154980,buenos_aires,34096
1944,154980,capital_federal,29365
1944,154980,catamarca,1573
1944,154980,chaco,3802
1944,154980,chubut,1147
1944,154980,cordoba,14669
1944,154980,corrientes,5523
1944,154980,entre_rios,7700
1944,154980,formosa,751
1944,154980,jujuy,3650
1944,154980,la_pampa,1506
1944,154980,la_rioja,1009
1944,154980,mendoza,6304
1944,154980,misiones,2009
1944,154980,neuquen,1246
1944,154980,rio_negro,1789
1944,154980,salta,4840
1944,154980,san_juan,3228
1944,154980,san_luis,1868
1944,154980,santa_cruz,318
1944,154980,santa_fe,14437
1944,154980,santiago_del_estero,5649
1944,154980,tierra_del_fuego,34
1944,154980,tucuman,8467
1945,157785,buenos_aires,35797
1945,157785,capital_federal,29793
1945,157785,catamarca,1561
1945,157785,chaco,3958
1945,157785,chubut,865
1945,157785,cordoba,14467
1945,157785,corrientes,5821
1945,157785,entre_rios,7434
1945,157785,formosa,859
1945,157785,jujuy,3465
1945,157785,la_pampa,1395
1945,157785,la_rioja,999
1945,157785,mendoza,6034
1945,157785,misiones,2022
1945,157785,neuquen,1344
1945,157785,rio_negro,1825
1945,157785,salta,5109
1945,157785,san_juan,2934
1945,157785,san_luis,1691
1945,157785,santa_cruz,204
1945,157785,santa_fe,13499
1945,157785,santiago_del_estero,6051
1945,157785,tierra_del_fuego,40
1945,157785,tucuman,10125
1946,149635,buenos_aires,34738
1946,149635,capital_federal,29474
1946,149635,catamarca,1482
1946,149635,chaco,3243
1946,149635,chubut,850
1946,149635,cordoba,14095
1946,149635,corrientes,5640
1946,149635,entre_rios,7329
1946,149635,formosa,703
1946,149635,jujuy,3327
1946,149635,la_pampa,1382
1946,149635,la_rioja,979
1946,149635,mendoza,5721
1946,149635,misiones,2121
1946,149635,neuquen,1089
1946,149635,rio_negro,1688
1946,149635,salta,4686
1946,149635,san_juan,2930
1946,149635,san_luis,1617
1946,149635,santa_cruz,203
1946,149635,santa_fe,12732
1946,149635,santiago_del_estero,5194
1946,149635,tierra_del_fuego,43
1946,149635,tucuman,7923
1947,158059,buenos_aires,37733
1947,158059,capital_federal,30579
1947,158059,catamarca,1451
1947,158059,chaco,3601
1947,158059,chubut,901
1947,158059,cordoba,14905
1947,158059,corrientes,5777
1947,158059,entre_rios,7862
1947,158059,formosa,883
1947,158059,jujuy,3011
1947,158059,la_pampa,1545
1947,158059,la_rioja,1008
1947,158059,mendoza,5913
1947,158059,misiones,2257
1947,158059,neuquen,1489
1947,158059,rio_negro,1899
1947,158059,salta,4672
1947,158059,san_juan,2939
1947,158059,san_luis,1951
1947,158059,santa_cruz,198
1947,158059,santa_fe,13854
1947,158059,santiago_del_estero,5470
1947,158059,tierra_del_fuego,46
1947,158059,tucuman,7611
1948,152648,buenos_aires,36270
1948,152648,capital_federal,30161
1948,152648,catamarca,1354
1948,152648,chaco,3462
1948,152648,chubut,1040
1948,152648,cordoba,14062
1948,152648,corrientes,5729
1948,152648,entre_rios,6923
1948,152648,formosa,841
1948,152648,jujuy,3478
1948,152648,la_pampa,1327
1948,152648,la_rioja,1033
1948,152648,mendoza,6254
1948,152648,misiones,2299
1948,152648,neuquen,1184
1948,152648,rio_negro,1968
1948,152648,salta,4632
1948,152648,san_juan,3148
1948,152648,san_luis,1685
1948,152648,santa_cruz,183
1948,152648,santa_fe,13490
1948,152648,santiago_del_estero,4458
1948,152648,tierra_del_fuego,47
1948,152648,tucuman,7097
1949,150604,buenos_aires,37129
1949,150604,capital_federal,30620
1949,150604,catamarca,1426
1949,150604,chaco,3507
1949,150604,chubut,914
1949,150604,cordoba,13677
1949,150604,corrientes,5592
1949,150604,entre_rios,6740
1949,150604,formosa,705
1949,150604,jujuy,3044
1949,150604,la_pampa,1350
1949,150604,la_rioja,1058
1949,150604,mendoza,5847
1949,150604,misiones,2214
1949,150604,neuquen,911
1949,150604,rio_negro,1735
1949,150604,salta,4650
1949,150604,san_juan,2757
1949,150604,san_luis,1713
1949,150604,santa_cruz,253
1949,150604,santa_fe,13281
1949,150604,santiago_del_estero,3424
1949,150604,tierra_del_fuego,45
1949,150604,tucuman,7533
1950,154540,buenos_aires,38302
1950,154540,capital_federal,30737
1950,154540,catamarca,1507
1950,154540,chaco,3543
1950,154540,chubut,953
1950,154540,cordoba,13761
1950,154540,corrientes,5663
1950,154540,entre_rios,6682
1950,154540,formosa,781
1950,154540,jujuy,3221
1950,154540,la_pampa,1416
1950,154540,la_rioja,1083
1950,154540,mendoza,6067
1950,154540,misiones,2152
1950,154540,neuquen,945
1950,154540,rio_negro,1737
1950,154540,salta,4433
1950,154540,san_juan,3066
1950,154540,san_luis,1722
1950,154540,santa_cruz,239
1950,154540,santa_fe,13596
1950,154540,santiago_del_estero,4731
1950,154540,tierra_del_fuego,75
1950,154540,tucuman,7561
1951,156406,buenos_aires,38454
1951,156406,capital_federal,30624
1951,156406,catamarca,1533
1951,156406,chaco,3658
1951,156406,chubut,1040
1951,156406,cordoba,14343
1951,156406,corrientes,5529
1951,156406,entre_rios,6686
1951,156406,formosa,836
1951,156406,jujuy,4006
1951,156406,la_pampa,1316
1951,156406,la_rioja,1140
1951,156406,mendoza,6220
1951,156406,misiones,2183
1951,156406,neuquen,993
1951,156406,rio_negro,1825
1951,156406,salta,4722
1951,156406,san_juan,2889
1951,156406,san_luis,1608
1951,156406,santa_cruz,250
1951,156406,santa_fe,14070
1951,156406,santiago_del_estero,4585
1951,156406,tierra_del_fuego,71
1951,156406,tucuman,7239
1952,152526,buenos_aires,39009
1952,152526,capital_federal,30339
1952,152526,catamarca,1461
1952,152526,chaco,3717
1952,152526,chubut,955
1952,152526,cordoba,13751
1952,152526,corrientes,5494
1952,152526,entre_rios,6317
1952,152526,formosa,911
1952,152526,jujuy,3769
1952,152526,la_pampa,1137
1952,152526,la_rioja,1167
1952,152526,mendoza,5789
1952,152526,misiones,2024
1952,152526,neuquen,1001
1952,152526,rio_negro,1757
1952,152526,salta,4503
1952,152526,san_juan,2786
1952,152526,san_luis,1641
1952,152526,santa_cruz,201
1952,152526,santa_fe,12819
1952,152526,santiago_del_estero,4452
1952,152526,tierra_del_fuego,52
1952,152526,tucuman,6926
1953,160697,buenos_aires,41899
1953,160697,capital_federal,31869
1953,160697,catamarca,1547
1953,160697,chaco,4087
1953,160697,chubut,915
1953,160697,cordoba,13148
1953,160697,corrientes,5577
1953,160697,entre_rios,6739
1953,160697,formosa,980
1953,160697,jujuy,3644
1953,160697,la_pampa,1198
1953,160697,la_rioja,1167
1953,160697,mendoza,6293
1953,160697,misiones,2136
1953,160697,neuquen,1154
1953,160697,rio_negro,1964
1953,160697,salta,5030
1953,160697,san_juan,2960
1953,160697,san_luis,1814
1953,160697,santa_cruz,216
1953,160697,santa_fe,13398
1953,160697,santiago_del_estero,4690
1953,160697,tierra_del_fuego,45
1953,160697,tucuman,7620
1954,156347,buenos_aires,40864
1954,156347,capital_federal,30570
1954,156347,catamarca,1540
1954,156347,chaco,4153
1954,156347,chubut,1285
1954,156347,cordoba,13391
1954,156347,corrientes,5389
1954,156347,entre_rios,6034
1954,156347,formosa,995
1954,156347,jujuy,3442
1954,156347,la_pampa,1138
1954,156347,la_rioja,1175
1954,156347,mendoza,5788
1954,156347,misiones,2332
1954,156347,neuquen,1116
1954,156347,rio_negro,1900
1954,156347,salta,4555
1954,156347,san_juan,2614
1954,156347,san_luis,1678
1954,156347,santa_cruz,299
1954,156347,santa_fe,14579
1954,156347,santiago_del_estero,4161
1954,156347,tierra_del_fuego,55
1954,156347,tucuman,7294
1955,167357,buenos_aires,44813
1955,167357,capital_federal,32141
1955,167357,catamarca,1535
1955,167357,chaco,4597
1955,167357,chubut,1370
1955,167357,cordoba,14537
1955,167357,corrientes,5543
1955,167357,entre_rios,6388
1955,167357,formosa,1100
1955,167357,jujuy,3432
1955,167357,la_pampa,1252
1955,167357,la_rioja,1196
1955,167357,mendoza,6147
1955,167357,misiones,2363
1955,167357,neuquen,1353
1955,167357,rio_negro,2007
1955,167357,salta,4410
1955,167357,san_juan,2846
1955,167357,san_luis,1823
1955,167357,santa_cruz,276
1955,167357,santa_fe,15756
1955,167357,santiago_del_estero,4491
1955,167357,tierra_del_fuego,43
1955,167357,tucuman,7938
1956,161319,buenos_aires,43672
1956,161319,capital_federal,31418
1956,161319,catamarca,1466
1956,161319,chaco,4302
1956,161319,chubut,1403
1956,161319,cordoba,14024
1956,161319,corrientes,5088
1956,161319,entre_rios,6021
1956,161319,formosa,1012
1956,161319,jujuy,3507
1956,161319,la_pampa,1203
1956,161319,la_rioja,1111
1956,161319,mendoza,5966
1956,161319,misiones,2471
1956,161319,neuquen,1220
1956,161319,rio_negro,2031
1956,161319,salta,4505
1956,161319,san_juan,2636
1956,161319,san_luis,1678
1956,161319,santa_cruz,341
1956,161319,santa_fe,15181
1956,161319,santiago_del_estero,4082
1956,161319,tierra_del_fuego,51
1956,161319,tucuman,6930
1957,179579,buenos_aires,49199
1957,179579,capital_federal,33222
1957,179579,catamarca,1675
1957,179579,chaco,5340
1957,179579,chubut,1570
1957,179579,cordoba,15814
1957,179579,corrientes,5899
1957,179579,entre_rios,6963
1957,179579,formosa,1177
1957,179579,jujuy,4330
1957,179579,la_pampa,1311
1957,179579,la_rioja,1336
1957,179579,mendoza,6297
1957,179579,misiones,2726
1957,179579,neuquen,1372
1957,179579,rio_negro,2240
1957,179579,salta,5065
1957,179579,san_juan,2989
1957,179579,san_luis,1944
1957,179579,santa_cruz,397
1957,179579,santa_fe,16487
1957,179579,santiago_del_estero,4752
1957,179579,tierra_del_fuego,49
1957,179579,tucuman,7425
1958,166235,buenos_aires,46867
1958,166235,capital_federal,31655
1958,166235,catamarca,1538
1958,166235,chaco,4622
1958,166235,chubut,1518
1958,166235,cordoba,13391
1958,166235,corrientes,5191
1958,166235,entre_rios,6228
1958,166235,formosa,1249
1958,166235,jujuy,3451
1958,166235,la_pampa,1238
1958,166235,la_rioja,1231
1958,166235,mendoza,5844
1958,166235,misiones,2836
1958,166235,neuquen,1211
1958,166235,rio_negro,2081
1958,166235,salta,4743
1958,166235,san_juan,2794
1958,166235,san_luis,1602
1958,166235,santa_cruz,370
1958,166235,santa_fe,15455
1958,166235,santiago_del_estero,3993
1958,166235,tierra_del_fuego,67
1958,166235,tucuman,7060
1959,173397,buenos_aires,50260
1959,173397,capital_federal,33363
1959,173397,catamarca,1575
1959,173397,chaco,4682
1959,173397,chubut,1644
1959,173397,cordoba,13943
1959,173397,corrientes,5027
1959,173397,entre_rios,6256
1959,173397,formosa,1126
1959,173397,jujuy,3701
1959,173397,la_pampa,1236
1959,173397,la_rioja,1147
1959,173397,mendoza,6288
1959,173397,misiones,2817
1959,173397,neuquen,1458
1959,173397,rio_negro,2162
1959,173397,salta,5068
1959,173397,san_juan,2825
1959,173397,san_luis,1645
1959,173397,santa_cruz,445
1959,173397,santa_fe,15814
1959,173397,santiago_del_estero,3463
1959,173397,tierra_del_fuego,69
1959,173397,tucuman,7383
1960,179266,buenos_aires,51315
1960,179266,capital_federal,33265
1960,179266,catamarca,1549
1960,179266,chaco,5376
1960,179266,chubut,1635
1960,179266,cordoba,14639
1960,179266,corrientes,5303
1960,179266,entre_rios,6539
1960,179266,formosa,1224
1960,179266,jujuy,3894
1960,179266,la_pampa,1295
1960,179266,la_rioja,1163
1960,179266,mendoza,6741
1960,179266,misiones,2974
1960,179266,neuquen,1367
1960,179266,rio_negro,2318
1960,179266,salta,5109
1960,179266,san_juan,2960
1960,179266,san_luis,1586
1960,179266,santa_cruz,397
1960,179266,santa_fe,17005
1960,179266,santiago_del_estero,3885
1960,179266,tierra_del_fuego,65
1960,179266,tucuman,7662
1961,176477,buenos_aires,50335
1961,176477,capital_federal,35024
1961,176477,catamarca,1513
1961,176477,chaco,5116
1961,176477,chubut,1769
1961,176477,cordoba,14447
1961,176477,corrientes,5129
1961,176477,entre_rios,6335
1961,176477,formosa,1271
1961,176477,jujuy,3662
1961,176477,la_pampa,1312
1961,176477,la_rioja,1053
1961,176477,mendoza,6447
1961,176477,misiones,2951
1961,176477,neuquen,1383
1961,176477,rio_negro,2320
1961,176477,salta,4870
1961,176477,san_juan,2781
1961,176477,san_luis,1479
1961,176477,santa_cruz,473
1961,176477,santa_fe,16079
1961,176477,santiago_del_estero,3478
1961,176477,tierra_del_fuego,82
1961,176477,tucuman,7168
1962,184013,buenos_aires,53382
1962,184013,capital_federal,36289
1962,184013,catamarca,1471
1962,184013,chaco,5040
1962,184013,chubut,1697
1962,184013,cordoba,15228
1962,184013,corrientes,5193
1962,184013,entre_rios,6611
1962,184013,formosa,1360
1962,184013,jujuy,3754
1962,184013,la_pampa,1343
1962,184013,la_rioja,969
1962,184013,mendoza,6954
1962,184013,misiones,3175
1962,184013,neuquen,1268
1962,184013,rio_negro,2159
1962,184013,salta,4700
1962,184013,san_juan,3355
1962,184013,san_luis,1651
1962,184013,santa_cruz,491
1962,184013,santa_fe,16979
1962,184013,santiago_del_estero,3756
1962,184013,tierra_del_fuego,68
1962,184013,tucuman,7120
1963,187492,buenos_aires,55263
1963,187492,capital_federal,36139
1963,187492,catamarca,1624
1963,187492,chaco,5370
1963,187492,chubut,1846
1963,187492,cordoba,14982
1963,187492,corrientes,5518
1963,187492,entre_rios,6575
1963,187492,formosa,1307
1963,187492,jujuy,3469
1963,187492,la_pampa,1383
1963,187492,la_rioja,1189
1963,187492,mendoza,6971
1963,187492,misiones,3375
1963,187492,neuquen,1569
1963,187492,rio_negro,2581
1963,187492,salta,5063
1963,187492,san_juan,3408
1963,187492,san_luis,1654
1963,187492,santa_cruz,579
1963,187492,santa_fe,17470
1963,187492,santiago_del_estero,3113
1963,187492,tierra_del_fuego,87
1963,187492,tucuman,6952
1964,193141,buenos_aires,57353
1964,193141,capital_federal,38120
1964,193141,catamarca,1426
1964,193141,chaco,5486
1964,193141,chubut,1713
1964,193141,cordoba,15265
1964,193141,corrientes,5753
1964,193141,entre_rios,6847
1964,193141,formosa,1328
1964,193141,jujuy,3889
1964,193141,la_pampa,1418
1964,193141,la_rioja,1033
1964,193141,mendoza,7021
1964,193141,misiones,3366
1964,193141,neuquen,1418
1964,193141,rio_negro,2306
1964,193141,salta,5142
1964,193141,san_juan,2894
1964,193141,san_luis,1587
1964,193141,santa_cruz,548
1964,193141,santa_fe,18091
1964,193141,santiago_del_estero,3816
1964,193141,tierra_del_fuego,72
1964,193141,tucuman,7249
1965,196467,buenos_aires,56277
1965,196467,capital_federal,39558
1965,196467,catamarca,1408
1965,196467,chaco,5546
1965,196467,chubut,1735
1965,196467,cordoba,16589
1965,196467,corrientes,5451
1965,196467,entre_rios,7194
1965,196467,formosa,1371
1965,196467,jujuy,4030
1965,196467,la_pampa,1435
1965,196467,la_rioja,1148
1965,196467,mendoza,7091
1965,196467,misiones,3336
1965,196467,neuquen,1406
1965,196467,rio_negro,2498
1965,196467,salta,5097
1965,196467,san_juan,3049
1965,196467,san_luis,1533
1965,196467,santa_cruz,662
1965,196467,santa_fe,18461
1965,196467,santiago_del_estero,4167
1965,196467,tierra_del_fuego,92
1965,196467,tucuman,7333
1966,193100,buenos_aires,56479
1966,193100,capital_federal,39916
1966,193100,catamarca,1505
1966,193100,chaco,5334
1966,193100,chubut,1621
1966,193100,cordoba,15520
1966,193100,corrientes,5352
1966,193100,entre_rios,6252
1966,193100,formosa,1449
1966,193100,jujuy,4031
1966,193100,la_pampa,1356
1966,193100,la_rioja,1002
1966,193100,mendoza,7116
1966,193100,misiones,3507
1966,193100,neuquen,1262
1966,193100,rio_negro,2264
1966,193100,salta,5241
1966,193100,san_juan,2929
1966,193100,san_luis,1541
1966,193100,santa_cruz,608
1966,193100,santa_fe,18096
1966,193100,santiago_del_estero,3878
1966,193100,tierra_del_fuego,88
1966,193100,tucuman,6753
1967,198495,buenos_aires,59261
1967,198495,capital_federal,41304
1967,198495,catamarca,1530
1967,198495,chaco,4877
1967,198495,chubut,1694
1967,198495,cordoba,15577
1967,198495,corrientes,5453
1967,198495,entre_rios,6733
1967,198495,formosa,1287
1967,198495,jujuy,3341
1967,198495,la_pampa,1427
1967,198495,la_rioja,1025
1967,198495,mendoza,7361
1967,198495,misiones,3594
1967,198495,neuquen,1340
1967,198495,rio_negro,2439
1967,198495,salta,4870
1967,198495,san_juan,3058
1967,198495,san_luis,1518
1967,198495,santa_cruz,655
1967,198495,santa_fe,19363
1967,198495,santiago_del_estero,4055
1967,198495,tierra_del_fuego,87
1967,198495,tucuman,6646
1968,213580,buenos_aires,64993
1968,213580,capital_federal,43114
1968,213580,catamarca,1564
1968,213580,chaco,5468
1968,213580,chubut,1630
1968,213580,cordoba,19191
1968,213580,corrientes,5498
1968,213580,entre_rios,6845
1968,213580,formosa,1563
1968,213580,jujuy,4316
1968,213580,la_pampa,1333
1968,213580,la_rioja,1051
1968,213580,mendoza,7807
1968,213580,misiones,3853
1968,213580,neuquen,1704
1968,213580,rio_negro,2815
1968,213580,salta,5940
1968,213580,san_juan,3322
1968,213580,san_luis,1515
1968,213580,santa_cruz,581
1968,213580,santa_fe,18551
1968,213580,santiago_del_estero,3783
1968,213580,tierra_del_fuego,98
1968,213580,tucuman,7045
1969,222850,buenos_aires,68761
1969,222850,capital_federal,46834
1969,222850,catamarca,1556
1969,222850,chaco,5482
1969,222850,chubut,1636
1969,222850,cordoba,18233
1969,222850,corrientes,5491
1969,222850,entre_rios,7001
1969,222850,formosa,1286
1969,222850,jujuy,3708
1969,222850,la_pampa,1778
1969,222850,la_rioja,1260
1969,222850,mendoza,8335
1969,222850,misiones,3658
1969,222850,neuquen,1614
1969,222850,rio_negro,2910
1969,222850,salta,5657
1969,222850,san_juan,3568
1969,222850,san_luis,1578
1969,222850,santa_cruz,653
1969,222850,santa_fe,19955
1969,222850,santiago_del_estero,4104
1969,222850,tierra_del_fuego,95
1969,222850,tucuman,7697
1970,222193,buenos_aires,82605
1970,222193,capital_federal,29891
1970,222193,catamarca,1506
1970,222193,chaco,5569
1970,222193,chubut,1809
1970,222193,cordoba,18018
1970,222193,corrientes,5617
1970,222193,entre_rios,7569
1970,222193,formosa,1710
1970,222193,jujuy,4263
1970,222193,la_pampa,1426
1970,222193,la_rioja,1355
1970,222193,mendoza,8295
1970,222193,misiones,3917
1970,222193,neuquen,1614
1970,222193,rio_negro,2820
1970,222193,salta,5878
1970,222193,san_juan,3464
1970,222193,san_luis,1732
1970,222193,santa_cruz,615
1970,222193,santa_fe,21283
1970,222193,santiago_del_estero,3633
1970,222193,tierra_del_fuego,95
1970,222193,tucuman,7509
1971,0,buenos_aires,0
1971,0,capital_federal,0
1971,0,catamarca,0
1971,0,chaco,0
1971,0,chubut,0
1971,0,cordoba,0
1971,0,corrientes,0
1971,0,entre_rios,0
1971,0,formosa,0
1971,0,jujuy,0
1971,0,la_pampa,0
1971,0,la_rioja,0
1971,0,mendoza,0
1971,0,misiones,0
1971,0,neuquen,0
1971,0,rio_negro,0
1971,0,salta,0
1971,0,san_juan,0
1971,0,san_luis,0
1971,0,santa_cruz,0
1971,0,santa_fe,0
1971,0,santiago_del_estero,0
1971,0,tierra_del_fuego,0
1971,0,tucuman,0
1972,0,buenos_aires,0
1972,0,capital_federal,0
1972,0,catamarca,0
1972,0,chaco,0
1972,0,chubut,0
1972,0,cordoba,0
1972,0,corrientes,0
1972,0,entre_rios,0
1972,0,formosa,0
1972,0,jujuy,0
1972,0,la_pampa,0
1972,0,la_rioja,0
1972,0,mendoza,0
1972,0,misiones,0
1972,0,neuquen,0
1972,0,rio_negro,0
1972,0,salta,0
1972,0,san_juan,0
1972,0,san_luis,0
1972,0,santa_cruz,0
1972,0,santa_fe,0
1972,0,santiago_del_estero,0
1972,0,tierra_del_fuego,0
1972,0,tucuman,0
1973,0,buenos_aires,0
1973,0,capital_federal,0
1973,0,catamarca,0
1973,0,chaco,0
1973,0,chubut,0
1973,0,cordoba,0
1973,0,corrientes,0
1973,0,entre_rios,0
1973,0,formosa,0
1973,0,jujuy,0
1973,0,la_pampa,0
1973,0,la_rioja,0
1973,0,mendoza,0
1973,0,misiones,0
1973,0,neuquen,0
1973,0,rio_negro,0
1973,0,salta,0
1973,0,san_juan,0
1973,0,san_luis,0
1973,0,santa_cruz,0
1973,0,santa_fe,0
1973,0,santiago_del_estero,0
1973,0,tierra_del_fuego,0
1973,0,tucuman,0
1974,0,buenos_aires,0
1974,0,capital_federal,0
1974,0,catamarca,0
1974,0,chaco,0
1974,0,chubut,0
1974,0,cordoba,0
1974,0,corrientes,0
1974,0,entre_rios,0
1974,0,formosa,0
1974,0,jujuy,0
1974,0,la_pampa,0
1974,0,la_rioja,0
1974,0,mendoza,0
1974,0,misiones,0
1974,0,neuquen,0
1974,0,rio_negro,0
1974,0,salta,0
1974,0,san_juan,0
1974,0,san_luis,0
1974,0,santa_cruz,0
1974,0,santa_fe,0
1974,0,santiago_del_estero,0
1974,0,tierra_del_fuego,0
1974,0,tucuman,0
1975,235706,buenos_aires,85987
1975,235706,capital_federal,38930
1975,235706,catamarca,1594
1975,235706,chaco,5562
1975,235706,chubut,1999
1975,235706,cordoba,18490
1975,235706,corrientes,5312
1975,235706,entre_rios,7610
1975,235706,formosa,1557
1975,235706,jujuy,3842
1975,235706,la_pampa,1461
1975,235706,la_rioja,1190
1975,235706,mendoza,8400
1975,235706,misiones,4157
1975,235706,neuquen,1520
1975,235706,rio_negro,2560
1975,235706,salta,5456
1975,235706,san_juan,3323
1975,235706,san_luis,1560
1975,235706,santa_cruz,740
1975,235706,santa_fe,22320
1975,235706,santiago_del_estero,4334
1975,235706,tierra_del_fuego,112
1975,235706,tucuman,7690
1976,240764,buenos_aires,85036
1976,240764,capital_federal,37202
1976,240764,catamarca,1703
1976,240764,chaco,6371
1976,240764,chubut,2025
1976,240764,cordoba,20475
1976,240764,corrientes,5934
1976,240764,entre_rios,7600
1976,240764,formosa,1935
1976,240764,jujuy,4039
1976,240764,la_pampa,1511
1976,240764,la_rioja,1298
1976,240764,mendoza,9151
1976,240764,misiones,4619
1976,240764,neuquen,1460
1976,240764,rio_negro,2438
1976,240764,salta,6052
1976,240764,san_juan,3323
1976,240764,san_luis,1726
1976,240764,santa_cruz,682
1976,240764,santa_fe,23166
1976,240764,santiago_del_estero,4679
1976,240764,tierra_del_fuego,116
1976,240764,tucuman,8223
1977,234430,buenos_aires,81125
1977,234430,capital_federal,38671
1977,234430,catamarca,1639
1977,234430,chaco,6129
1977,234430,chubut,1971
1977,234430,cordoba,19220
1977,234430,corrientes,6008
1977,234430,entre_rios,7600
1977,234430,formosa,1916
1977,234430,jujuy,3758
1977,234430,la_pampa,1484
1977,234430,la_rioja,1231
1977,234430,mendoza,8848
1977,234430,misiones,4435
1977,234430,neuquen,1517
1977,234430,rio_negro,2385
1977,234430,salta,5906
1977,234430,san_juan,3405
1977,234430,san_luis,1634
1977,234430,santa_cruz,764
1977,234430,santa_fe,22237
1977,234430,santiago_del_estero,4623
1977,234430,tierra_del_fuego,124
1977,234430,tucuman,7800
1978,230031,buenos_aires,84476
1978,230031,capital_federal,36960
1978,230031,catamarca,1516
1978,230031,chaco,5454
1978,230031,chubut,1738
1978,230031,cordoba,18783
1978,230031,corrientes,5402
1978,230031,entre_rios,7842
1978,230031,formosa,1887
1978,230031,jujuy,3300
1978,230031,la_pampa,1769
1978,230031,la_rioja,1223
1978,230031,mendoza,8206
1978,230031,misiones,4534
1978,230031,neuquen,1461
1978,230031,rio_negro,2510
1978,230031,salta,5322
1978,230031,san_juan,3310
1978,230031,san_luis,1546
1978,230031,santa_cruz,659
1978,230031,santa_fe,20097
1978,230031,santiago_del_estero,4186
1978,230031,tierra_del_fuego,121
1978,230031,tucuman,7729
1979,234926,buenos_aires,87329
1979,234926,capital_federal,37194
1979,234926,catamarca,1483
1979,234926,chaco,5709
1979,234926,chubut,1778
1979,234926,cordoba,19295
1979,234926,corrientes,5596
1979,234926,entre_rios,8038
1979,234926,formosa,1946
1979,234926,jujuy,3223
1979,234926,la_pampa,1559
1979,234926,la_rioja,1181
1979,234926,mendoza,8389
1979,234926,misiones,4112
1979,234926,neuquen,1307
1979,234926,rio_negro,2349
1979,234926,salta,5235
1979,234926,san_juan,3210
1979,234926,san_luis,1637
1979,234926,santa_cruz,647
1979,234926,santa_fe,21856
1979,234926,santiago_del_estero,4088
1979,234926,tierra_del_fuego,109
1979,234926,tucuman,7656
1980,241125,buenos_aires,88398
1980,241125,capital_federal,36748
1980,241125,catamarca,1560
1980,241125,chaco,5845
1980,241125,chubut,1747
1980,241125,cordoba,19234
1980,241125,corrientes,5585
1980,241125,entre_rios,8009
1980,241125,formosa,1921
1980,241125,jujuy,3204
1980,241125,la_pampa,1732
1980,241125,la_rioja,1235
1980,241125,mendoza,8748
1980,241125,misiones,4588
1980,241125,neuquen,1295
1980,241125,rio_negro,2458
1980,241125,salta,5228
1980,241125,san_juan,3347
1980,241125,san_luis,1745
1980,241125,santa_cruz,765
1980,241125,santa_fe,22835
1980,241125,santiago_del_estero,4547
1980,241125,tierra_del_fuego,116
1980,241125,tucuman,7870
1981,241904,buenos_aires,97295
1981,241904,capital_federal,34167
1981,241904,catamarca,1553
1981,241904,chaco,5332
1981,241904,chubut,1831
1981,241904,cordoba,19035
1981,241904,corrientes,5518
1981,241904,entre_rios,7629
1981,241904,formosa,1904
1981,241904,jujuy,2962
1981,241904,la_pampa,1655
1981,241904,la_rioja,1165
1981,241904,mendoza,8113
1981,241904,misiones,4187
1981,241904,neuquen,1173
1981,241904,rio_negro,2364
1981,241904,salta,4878
1981,241904,san_juan,3247
1981,241904,san_luis,1639
1981,241904,santa_cruz,764
1981,241904,santa_fe,22087
1981,241904,santiago_del_estero,4168
1981,241904,tierra_del_fuego,124
1981,241904,tucuman,7258
1982,233071,buenos_aires,87728
1982,233071,capital_federal,34756
1982,233071,catamarca,1495
1982,233071,chaco,5266
1982,233071,chubut,1749
1982,233071,cordoba,19465
1982,233071,corrientes,5359
1982,233071,entre_rios,7900
1982,233071,formosa,1860
1982,233071,jujuy,2990
1982,233071,la_pampa,1684
1982,233071,la_rioja,1262
1982,233071,mendoza,8379
1982,233071,misiones,3908
1982,233071,neuquen,1333
1982,233071,rio_negro,2360
1982,233071,salta,4979
1982,233071,san_juan,3251
1982,233071,san_luis,1732
1982,233071,santa_cruz,729
1982,233071,santa_fe,21722
1982,233071,santiago_del_estero,3962
1982,233071,tierra_del_fuego,133
1982,233071,tucuman,7438
1983,251301,buenos_aires,94040
1983,251301,capital_federal,36635
1983,251301,catamarca,1707
1983,251301,chaco,5729
1983,251301,chubut,1872
1983,251301,cordoba,21327
1983,251301,corrientes,6218
1983,251301,entre_rios,8141
1983,251301,formosa,2161
1983,251301,jujuy,3206
1983,251301,la_pampa,1736
1983,251301,la_rioja,1294
1983,251301,mendoza,9011
1983,251301,misiones,4342
1983,251301,neuquen,1394
1983,251301,rio_negro,2617
1983,251301,salta,5453
1983,251301,san_juan,3564
1983,251301,san_luis,1933
1983,251301,santa_cruz,775
1983,251301,santa_fe,23565
1983,251301,santiago_del_estero,4627
1983,251301,tierra_del_fuego,136
1983,251301,tucuman,8192
1984,255591,buenos_aires,100066
1984,255591,capital_federal,37330
1984,255591,catamarca,1599
1984,255591,chaco,5614
1984,255591,chubut,1817
1984,255591,cordoba,20911
1984,255591,corrientes,5542
1984,255591,entre_rios,8119
1984,255591,formosa,2006
1984,255591,jujuy,3618
1984,255591,la_pampa,1746
1984,255591,la_rioja,1333
1984,255591,mendoza,8932
1984,255591,misiones,4606
1984,255591,neuquen,1372
1984,255591,rio_negro,2624
1984,255591,salta,5184
1984,255591,san_juan,3326
1984,255591,san_luis,1861
1984,255591,santa_cruz,825
1984,255591,santa_fe,22843
1984,255591,santiago_del_estero,4678
1984,255591,tierra_del_fuego,145
1984,255591,tucuman,7750
1985,241377,buenos_aires,92561
1985,241377,capital_federal,36793
1985,241377,catamarca,1227
1985,241377,chaco,5159
1985,241377,chubut,1814
1985,241377,cordoba,19985
1985,241377,corrientes,5056
1985,241377,entre_rios,7854
1985,241377,formosa,2010
1985,241377,jujuy,2783
1985,241377,la_pampa,1720
1985,241377,la_rioja,1161
1985,241377,mendoza,8807
1985,241377,misiones,4200
1985,241377,neuquen,1363
1985,241377,rio_negro,2487
1985,241377,salta,4691
1985,241377,san_juan,3243
1985,241377,san_luis,1833
1985,241377,santa_cruz,758
1985,241377,santa_fe,21704
1985,241377,santiago_del_estero,4214
1985,241377,tierra_del_fuego,152
1985,241377,tucuman,7131
1986,241004,buenos_aires,90689
1986,241004,capital_federal,37458
1986,241004,catamarca,1261
1986,241004,chaco,5203
1986,241004,chubut,1804
1986,241004,cordoba,20552
1986,241004,corrientes,4875
1986,241004,entre_rios,7502
1986,241004,formosa,2334
1986,241004,jujuy,2981
1986,241004,la_pampa,1746
1986,241004,la_rioja,1156
1986,241004,mendoza,8821
1986,241004,misiones,4137
1986,241004,neuquen,1310
1986,241004,rio_negro,2512
1986,241004,salta,4764
1986,241004,san_juan,3316
1986,241004,san_luis,1847
1986,241004,santa_cruz,745
1986,241004,santa_fe,21732
1986,241004,santiago_del_estero,4255
1986,241004,tierra_del_fuego,197
1986,241004,tucuman,7160
1987,249882,buenos_aires,96275
1987,249882,capital_federal,36920
1987,249882,catamarca,1247
1987,249882,chaco,5211
1987,249882,chubut,1783
1987,249882,cordoba,21518
1987,249882,corrientes,5266
1987,249882,entre_rios,7931
1987,249882,formosa,1925
1987,249882,jujuy,3040
1987,249882,la_pampa,1676
1987,249882,la_rioja,1277
1987,249882,mendoza,8933
1987,249882,misiones,4051
1987,249882,neuquen,1520
1987,249882,rio_negro,2584
1987,249882,salta,4719
1987,249882,san_juan,3528
1987,249882,san_luis,1810
1987,249882,santa_cruz,795
1987,249882,santa_fe,23615
1987,249882,santiago_del_estero,4117
1987,249882,tierra_del_fuego,183
1987,249882,tucuman,7462
1988,254953,buenos_aires,96458
1988,254953,capital_federal,38971
1988,254953,catamarca,1257
1988,254953,chaco,5456
1988,254953,chubut,1783
1988,254953,cordoba,22501
1988,254953,corrientes,5653
1988,254953,entre_rios,8286
1988,254953,formosa,1993
1988,254953,jujuy,3093
1988,254953,la_pampa,1926
1988,254953,la_rioja,1328
1988,254953,mendoza,9417
1988,254953,misiones,4183
1988,254953,neuquen,1529
1988,254953,rio_negro,2408
1988,254953,salta,4703
1988,254953,san_juan,3578
1988,254953,san_luis,1829
1988,254953,santa_cruz,810
1988,254953,santa_fe,23421
1988,254953,santiago_del_estero,4113
1988,254953,tierra_del_fuego,183
1988,254953,tucuman,7458
1989,252302,buenos_aires,100244
1989,252302,capital_federal,36122
1989,252302,catamarca,1202
1989,252302,chaco,5582
1989,252302,chubut,1799
1989,252302,cordoba,20484
1989,252302,corrientes,5493
1989,252302,entre_rios,8052
1989,252302,formosa,2230
1989,252302,jujuy,3098
1989,252302,la_pampa,1794
1989,252302,la_rioja,1331
1989,252302,mendoza,9407
1989,252302,misiones,4234
1989,252302,neuquen,1438
1989,252302,rio_negro,2620
1989,252302,salta,4719
1989,252302,san_juan,3569
1989,252302,san_luis,1805
1989,252302,santa_cruz,790
1989,252302,santa_fe,23156
1989,252302,santiago_del_estero,4162
1989,252302,tierra_del_fuego,194
1989,252302,tucuman,7471
1990,259683,buenos_aires,100314
1990,259683,capital_federal,38288
1990,259683,catamarca,1799
1990,259683,chaco,5678
1990,259683,chubut,1831
1990,259683,cordoba,21683
1990,259683,corrientes,5666
1990,259683,entre_rios,8125
1990,259683,formosa,2220
1990,259683,jujuy,3206
1990,259683,la_pampa,1857
1990,259683,la_rioja,1349
1990,259683,mendoza,9468
1990,259683,misiones,4577
1990,259683,neuquen,1465
1990,259683,rio_negro,2612
1990,259683,salta,4718
1990,259683,san_juan,3537
1990,259683,san_luis,1944
1990,259683,santa_cruz,771
1990,259683,santa_fe,24387
1990,259683,santiago_del_estero,4139
1990,259683,tierra_del_fuego,193
1990,259683,tucuman,7478
1991,255609,buenos_aires,99777
1991,255609,capital_federal,35940
1991,255609,catamarca,1719
1991,255609,chaco,5449
1991,255609,chubut,1945
1991,255609,cordoba,21685
1991,255609,corrientes,5077
1991,255609,entre_rios,7746
1991,255609,formosa,2227
1991,255609,jujuy,2919
1991,255609,la_pampa,1936
1991,255609,la_rioja,1413
1991,255609,mendoza,9326
1991,255609,misiones,4400
1991,255609,neuquen,1534
1991,255609,rio_negro,2681
1991,255609,salta,5236
1991,255609,san_juan,3633
1991,255609,san_luis,1945
1991,255609,santa_cruz,780
1991,255609,santa_fe,24159
1991,255609,santiago_del_estero,4184
1991,255609,tierra_del_fuego,195
1991,255609,tucuman,7462
1992,262287,buenos_aires,103773
1992,262287,capital_federal,37101
1992,262287,catamarca,1671
1992,262287,chaco,5609
1992,262287,chubut,1953
1992,262287,cordoba,22010
1992,262287,corrientes,5493
1992,262287,entre_rios,7729
1992,262287,formosa,2316
1992,262287,jujuy,3185
1992,262287,la_pampa,1951
1992,262287,la_rioja,1392
1992,262287,mendoza,9771
1992,262287,misiones,4567
1992,262287,neuquen,1617
1992,262287,rio_negro,2645
1992,262287,salta,5244
1992,262287,san_juan,3538
1992,262287,san_luis,1921
1992,262287,santa_cruz,781
1992,262287,santa_fe,24025
1992,262287,santiago_del_estero,4122
1992,262287,tierra_del_fuego,190
1992,262287,tucuman,7520
1993,267286,buenos_aires,105268
1993,267286,capital_federal,36904
1993,267286,catamarca,1333
1993,267286,chaco,5742
1993,267286,chubut,1860
1993,267286,cordoba,23755
1993,267286,corrientes,5781
1993,267286,entre_rios,7728
1993,267286,formosa,2302
1993,267286,jujuy,3133
1993,267286,la_pampa,1996
1993,267286,la_rioja,1517
1993,267286,mendoza,9830
1993,267286,misiones,4756
1993,267286,neuquen,1567
1993,267286,rio_negro,2513
1993,267286,salta,5044
1993,267286,san_juan,3610
1993,267286,san_luis,2090
1993,267286,santa_cruz,812
1993,267286,santa_fe,25015
1993,267286,santiago_del_estero,4134
1993,267286,tierra_del_fuego,234
1993,267286,tucuman,7913
1994,257431,buenos_aires,101789
1994,257431,capital_federal,34720
1994,257431,catamarca,1662
1994,257431,chaco,5359
1994,257431,chubut,1934
1994,257431,cordoba,21753
1994,257431,corrientes,5274
1994,257431,entre_rios,8143
1994,257431,formosa,2438
1994,257431,jujuy,2908
1994,257431,la_pampa,1962
1994,257431,la_rioja,1409
1994,257431,mendoza,9489
1994,257431,misiones,4438
1994,257431,neuquen,1698
1994,257431,rio_negro,2623
1994,257431,salta,4876
1994,257431,san_juan,3583
1994,257431,san_luis,2063
1994,257431,santa_cruz,809
1994,257431,santa_fe,23674
1994,257431,santiago_del_estero,4153
1994,257431,tierra_del_fuego,275
1994,257431,tucuman,7565
1995,268997,buenos_aires,105217
1995,268997,capital_federal,35880
1995,268997,catamarca,1719
1995,268997,chaco,5762
1995,268997,chubut,2117
1995,268997,cordoba,23559
1995,268997,corrientes,5431
1995,268997,entre_rios,8683
1995,268997,formosa,2593
1995,268997,jujuy,3176
1995,268997,la_pampa,2082
1995,268997,la_rioja,1466
1995,268997,mendoza,9458
1995,268997,misiones,4663
1995,268997,neuquen,1777
1995,268997,rio_negro,2633
1995,268997,salta,5375
1995,268997,san_juan,3907
1995,268997,san_luis,2088
1995,268997,santa_cruz,897
1995,268997,santa_fe,25057
1995,268997,santiago_del_estero,4238
1995,268997,tierra_del_fuego,218
1995,268997,tucuman,7977
1996,268715,buenos_aires,106362
1996,268715,capital_federal,34530
1996,268715,catamarca,1723
1996,268715,chaco,6075
1996,268715,chubut,2163
1996,268715,cordoba,23457
1996,268715,corrientes,5742
1996,268715,entre_rios,8302
1996,268715,formosa,2654
1996,268715,jujuy,3301
1996,268715,la_pampa,2009
1996,268715,la_rioja,1613
1996,268715,mendoza,10073
1996,268715,misiones,5105
1996,268715,neuquen,1823
1996,268715,rio_negro,2706
1996,268715,salta,5352
1996,268715,san_juan,3857
1996,268715,san_luis,2152
1996,268715,santa_cruz,924
1996,268715,santa_fe,24324
1996,268715,santiago_del_estero,4178
1996,268715,tierra_del_fuego,241
1996,268715,tucuman,7440
1997,270910,buenos_aires,108772
1997,270910,capital_federal,34650
1997,270910,catamarca,1838
1997,270910,chaco,5929
1997,270910,chubut,2306
1997,270910,cordoba,23118
1997,270910,corrientes,5574
1997,270910,entre_rios,8546
1997,270910,formosa,2531
1997,270910,jujuy,3276
1997,270910,la_pampa,2111
1997,270910,la_rioja,1481
1997,270910,mendoza,10234
1997,270910,misiones,4748
1997,270910,neuquen,1833
1997,270910,rio_negro,2800
1997,270910,salta,5496
1997,270910,san_juan,3738
1997,270910,san_luis,2244
1997,270910,santa_cruz,947
1997,270910,santa_fe,24437
1997,270910,santiago_del_estero,4441
1997,270910,tierra_del_fuego,236
1997,270910,tucuman,7644
1998,280180,buenos_aires,112689
1998,280180,capital_federal,35679
1998,280180,catamarca,1778
1998,280180,chaco,6120
1998,280180,chubut,2199
1998,280180,cordoba,23784
1998,280180,corrientes,5847
1998,280180,entre_rios,8930
1998,280180,formosa,2657
1998,280180,jujuy,3251
1998,280180,la_pampa,2168
1998,280180,la_rioja,1558
1998,280180,mendoza,10635
1998,280180,misiones,4989
1998,280180,neuquen,1949
1998,280180,rio_negro,2879
1998,280180,salta,5424
1998,280180,san_juan,4042
1998,280180,san_luis,2270
1998,280180,santa_cruz,941
1998,280180,santa_fe,25604
1998,280180,santiago_del_estero,4413
1998,280180,tierra_del_fuego,292
1998,280180,tucuman,7979
1999,289543,buenos_aires,116384
1999,289543,capital_federal,35767
1999,289543,catamarca,1891
1999,289543,chaco,6213
1999,289543,chubut,2348
1999,289543,cordoba,25589
1999,289543,corrientes,5636
1999,289543,entre_rios,9317
1999,289543,formosa,2732
1999,289543,jujuy,3308
1999,289543,la_pampa,2205
1999,289543,la_rioja,1590
1999,289543,mendoza,11146
1999,289543,misiones,5006
1999,289543,neuquen,2011
1999,289543,rio_negro,2990
1999,289543,salta,5537
1999,289543,san_juan,4139
1999,289543,san_luis,2294
1999,289543,santa_cruz,913
1999,289543,santa_fe,26837
1999,289543,santiago_del_estero,4586
1999,289543,tierra_del_fuego,270
1999,289543,tucuman,8636
2000,277148,buenos_aires,111951
2000,277148,capital_federal,33587
2000,277148,catamarca,1841
2000,277148,chaco,5924
2000,277148,chubut,2322
2000,277148,cordoba,22974
2000,277148,corrientes,6095
2000,277148,entre_rios,8826
2000,277148,formosa,2657
2000,277148,jujuy,3227
2000,277148,la_pampa,2173
2000,277148,la_rioja,1531
2000,277148,mendoza,10949
2000,277148,misiones,5104
2000,277148,neuquen,1957
2000,277148,rio_negro,2983
2000,277148,salta,5571
2000,277148,san_juan,3984
2000,277148,san_luis,2274
2000,277148,santa_cruz,944
2000,277148,santa_fe,25573
2000,277148,santiago_del_estero,4388
2000,277148,tierra_del_fuego,304
2000,277148,tucuman,8279
2001,285941,buenos_aires,117268
2001,285941,capital_federal,33898
2001,285941,catamarca,1811
2001,285941,chaco,6113
2001,285941,chubut,2348
2001,285941,cordoba,24453
2001,285941,corrientes,6156
2001,285941,entre_rios,8756
2001,285941,formosa,2780
2001,285941,jujuy,3389
2001,285941,la_pampa,2147
2001,285941,la_rioja,1601
2001,285941,mendoza,11129
2001,285941,misiones,4488
2001,285941,neuquen,2075
2001,285941,rio_negro,2973
2001,285941,salta,5698
2001,285941,san_juan,4151
2001,285941,san_luis,2223
2001,285941,santa_cruz,985
2001,285941,santa_fe,26424
2001,285941,santiago_del_estero,4424
2001,285941,tierra_del_fuego,277
2001,285941,tucuman,8298
2002,291190,buenos_aires,118049
2002,291190,capital_federal,34054
2002,291190,catamarca,1943
2002,291190,chaco,6643
2002,291190,chubut,2503
2002,291190,cordoba,24739
2002,291190,corrientes,6070
2002,291190,entre_rios,9160
2002,291190,formosa,3015
2002,291190,jujuy,3525
2002,291190,la_pampa,2255
2002,291190,la_rioja,1764
2002,291190,mendoza,11297
2002,291190,misiones,5575
2002,291190,neuquen,2115
2002,291190,rio_negro,3108
2002,291190,salta,6017
2002,291190,san_juan,4472
2002,291190,san_luis,2345
2002,291190,santa_cruz,1054
2002,291190,santa_fe,26819
2002,291190,santiago_del_estero,4322
2002,291190,tierra_del_fuego,305
2002,291190,tucuman,8615
2003,302064,buenos_aires,122301
2003,302064,capital_federal,35293
2003,302064,catamarca,1965
2003,302064,chaco,6356
2003,302064,chubut,2379
2003,302064,cordoba,26480
2003,302064,corrientes,6149
2003,302064,entre_rios,9710
2003,302064,formosa,2818
2003,302064,jujuy,3477
2003,302064,la_pampa,2386
2003,302064,la_rioja,1738
2003,302064,mendoza,11905
2003,302064,misiones,5527
2003,302064,neuquen,2229
2003,302064,rio_negro,3353
2003,302064,salta,6114
2003,302064,san_juan,4530
2003,302064,san_luis,2587
2003,302064,santa_cruz,1019
2003,302064,santa_fe,28652
2003,302064,santiago_del_estero,4549
2003,302064,tierra_del_fuego,316
2003,302064,tucuman,9043
2004,294051,buenos_aires,119640
2004,294051,capital_federal,34760
2004,294051,catamarca,1947
2004,294051,chaco,6269
2004,294051,chubut,2483
2004,294051,cordoba,25556
2004,294051,corrientes,5909
2004,294051,entre_rios,9113
2004,294051,formosa,2926
2004,294051,jujuy,3504
2004,294051,la_pampa,2345
2004,294051,la_rioja,1700
2004,294051,mendoza,11433
2004,294051,misiones,5465
2004,294051,neuquen,2280
2004,294051,rio_negro,3212
2004,294051,salta,5992
2004,294051,san_juan,4275
2004,294051,san_luis,2519
2004,294051,santa_cruz,1130
2004,294051,santa_fe,27253
2004,294051,santiago_del_estero,4235
2004,294051,tierra_del_fuego,327
2004,294051,tucuman,8545
2005,293529,buenos_aires,119390
2005,293529,capital_federal,33691
2005,293529,catamarca,1951
2005,293529,chaco,6278
2005,293529,chubut,2565
2005,293529,cordoba,25635
2005,293529,corrientes,5881
2005,293529,entre_rios,9123
2005,293529,formosa,2904
2005,293529,jujuy,3528
2005,293529,la_pampa,2297
2005,293529,la_rioja,1698
2005,293529,mendoza,11392
2005,293529,misiones,5412
2005,293529,neuquen,2311
2005,293529,rio_negro,3178
2005,293529,salta,5987
2005,293529,san_juan,4306
2005,293529,san_luis,2489
2005,293529,santa_cruz,1111
2005,293529,santa_fe,27437
2005,293529,santiago_del_estero,4736
2005,293529,tierra_del_fuego,408
2005,293529,tucuman,8589
2006,292313,buenos_aires,119197
2006,292313,capital_federal,32949
2006,292313,catamarca,1829
2006,292313,chaco,6425
2006,292313,chubut,2564
2006,292313,cordoba,25006
2006,292313,corrientes,5907
2006,292313,entre_rios,8987
2006,292313,formosa,2875
2006,292313,jujuy,3489
2006,292313,la_pampa,2333
2006,292313,la_rioja,1672
2006,292313,mendoza,12001
2006,292313,misiones,5784
2006,292313,neuquen,2346
2006,292313,rio_negro,3241
2006,292313,salta,5929
2006,292313,san_juan,4333
2006,292313,san_luis,2543
2006,292313,santa_cruz,1198
2006,292313,santa_fe,27132
2006,292313,santiago_del_estero,4808
2006,292313,tierra_del_fuego,405
2006,292313,tucuman,8406
2007,315852,buenos_aires,128978
2007,315852,capital_federal,34422
2007,315852,catamarca,1977
2007,315852,chaco,6886
2007,315852,chubut,2794
2007,315852,cordoba,27699
2007,315852,corrientes,6102
2007,315852,entre_rios,10194
2007,315852,formosa,3052
2007,315852,jujuy,3662
2007,315852,la_pampa,2525
2007,315852,la_rioja,1818
2007,315852,mendoza,12297
2007,315852,misiones,5805
2007,315852,neuquen,2610
2007,315852,rio_negro,3647
2007,315852,salta,6394
2007,315852,san_juan,4561
2007,315852,san_luis,2692
2007,315852,santa_cruz,1212
2007,315852,santa_fe,30071
2007,315852,santiago_del_estero,5473
2007,315852,tierra_del_fuego,402
2007,315852,tucuman,9230
2008,302133,buenos_aires,123300
2008,302133,capital_federal,32074
2008,302133,catamarca,2145
2008,302133,chaco,6748
2008,302133,chubut,2761
2008,302133,cordoba,26097
2008,302133,corrientes,6314
2008,302133,entre_rios,9433
2008,302133,formosa,2981
2008,302133,jujuy,3658
2008,302133,la_pampa,2415
2008,302133,la_rioja,1902
2008,302133,mendoza,12158
2008,302133,misiones,5810
2008,302133,neuquen,2538
2008,302133,rio_negro,3616
2008,302133,salta,6628
2008,302133,san_juan,4474
2008,302133,san_luis,2681
2008,302133,santa_cruz,1222
2008,302133,santa_fe,28089
2008,302133,santiago_del_estero,4781
2008,302133,tierra_del_fuego,415
2008,302133,tucuman,8783
2009,304525,buenos_aires,124280
2009,304525,capital_federal,31458
2009,304525,catamarca,2100
2009,304525,chaco,6656
2009,304525,chubut,2731
2009,304525,cordoba,26378
2009,304525,corrientes,6395
2009,304525,entre_rios,9324
2009,304525,formosa,3294
2009,304525,jujuy,3794
2009,304525,la_pampa,2365
2009,304525,la_rioja,1943
2009,304525,mendoza,12293
2009,304525,misiones,5902
2009,304525,neuquen,2614
2009,304525,rio_negro,3570
2009,304525,salta,6838
2009,304525,san_juan,4449
2009,304525,san_luis,2706
2009,304525,santa_cruz,1236
2009,304525,santa_fe,27666
2009,304525,santiago_del_estero,5467
2009,304525,tierra_del_fuego,408
2009,304525,tucuman,9480
2010,318602,buenos_aires,129403
2010,318602,capital_federal,33111
2010,318602,catamarca,2278
2010,318602,chaco,7162
2010,318602,chubut,2972
2010,318602,cordoba,27874
2010,318602,corrientes,6489
2010,318602,entre_rios,9919
2010,318602,formosa,3309
2010,318602,jujuy,4091
2010,318602,la_pampa,2404
2010,318602,la_rioja,1905
2010,318602,mendoza,12674
2010,318602,misiones,6419
2010,318602,neuquen,2764
2010,318602,rio_negro,3810
2010,318602,salta,7145
2010,318602,san_juan,4631
2010,318602,san_luis,2707
2010,318602,santa_cruz,1306
2010,318602,santa_fe,29531
2010,318602,santiago_del_estero,5286
2010,318602,tierra_del_fuego,438
2010,318602,tucuman,9727
2011,319059,buenos_aires,131626
2011,319059,capital_federal,32298
2011,319059,catamarca,2088
2011,319059,chaco,6863
2011,319059,chubut,2869
2011,319059,cordoba,27834
2011,319059,corrientes,6395
2011,319059,entre_rios,10019
2011,319059,formosa,3292
2011,319059,jujuy,4004
2011,319059,la_pampa,2518
2011,319059,la_rioja,2039
2011,319059,mendoza,12873
2011,319059,misiones,6108
2011,319059,neuquen,2822
2011,319059,rio_negro,4014
2011,319059,salta,6967
2011,319059,san_juan,4739
2011,319059,san_luis,2849
2011,319059,santa_cruz,1288
2011,319059,santa_fe,29217
2011,319059,santiago_del_estero,5187
2011,319059,tierra_del_fuego,450
2011,319059,tucuman,9448
2012,319539,buenos_aires,132349
2012,319539,capital_federal,31560
2012,319539,catamarca,2260
2012,319539,chaco,7128
2012,319539,chubut,3033
2012,319539,cordoba,27497
2012,319539,corrientes,6750
2012,319539,entre_rios,9667
2012,319539,formosa,3392
2012,319539,jujuy,4132
2012,319539,la_pampa,2482
2012,319539,la_rioja,2059
2012,319539,mendoza,12879
2012,319539,misiones,6507
2012,319539,neuquen,2884
2012,319539,rio_negro,3899
2012,319539,salta,7229
2012,319539,san_juan,4548
2012,319539,san_luis,2831
2012,319539,santa_cruz,1378
2012,319539,santa_fe,28404
2012,319539,santiago_del_estero,5251
2012,319539,tierra_del_fuego,502
2012,319539,tucuman,10079
2013,326197,buenos_aires,133035
2013,326197,capital_federal,32133
2013,326197,catamarca,2384
2013,326197,chaco,7250
2013,326197,chubut,3085
2013,326197,cordoba,28755
2013,326197,corrientes,6880
2013,326197,entre_rios,10065
2013,326197,formosa,3537
2013,326197,jujuy,4231
2013,326197,la_pampa,2608
2013,326197,la_rioja,2083
2013,326197,mendoza,13130
2013,326197,misiones,6603
2013,326197,neuquen,2966
2013,326197,rio_negro,4114
2013,326197,salta,7509
2013,326197,san_juan,4802
2013,326197,san_luis,3046
2013,326197,santa_cruz,1401
2013,326197,santa_fe,29784
2013,326197,santiago_del_estero,5548
2013,326197,tierra_del_fuego,479
2013,326197,tucuman,9964
2014,325539,buenos_aires,133068
2014,325539,capital_federal,32400
2014,325539,catamarca,2262
2014,325539,chaco,7469
2014,325539,chubut,3141
2014,325539,cordoba,28073
2014,325539,corrientes,6862
2014,325539,entre_rios,9824
2014,325539,formosa,3570
2014,325539,jujuy,4066
2014,325539,la_pampa,2517
2014,325539,la_rioja,2024
2014,325539,mendoza,13200
2014,325539,misiones,6573
2014,325539,neuquen,3030
2014,325539,rio_negro,4182
2014,325539,salta,7444
2014,325539,san_juan,4766
2014,325539,san_luis,3011
2014,325539,santa_cruz,1494
2014,325539,santa_fe,29374
2014,325539,santiago_del_estero,5529
2014,325539,tierra_del_fuego,511
2014,325539,tucuman,10249
2015,333407,buenos_aires,136558
2015,333407,capital_federal,31714
2015,333407,catamarca,2529
2015,333407,chaco,7699
2015,333407,chubut,3189
2015,333407,cordoba,28880
2015,333407,corrientes,6902
2015,333407,entre_rios,10265
2015,333407,formosa,3597
2015,333407,jujuy,4105
2015,333407,la_pampa,2542
2015,333407,la_rioja,2178
2015,333407,mendoza,13770
2015,333407,misiones,6811
2015,333407,neuquen,3262
2015,333407,rio_negro,4344
2015,333407,salta,7571
2015,333407,san_juan,4848
2015,333407,san_luis,3215
2015,333407,santa_cruz,1510
2015,333407,santa_fe,29534
2015,333407,santiago_del_estero,5925
2015,333407,tierra_del_fuego,521
2015,333407,tucuman,10891
2016,352992,buenos_aires,141644
2016,352992,capital_federal,33136
2016,352992,catamarca,2604
2016,352992,chaco,8260
2016,352992,chubut,3377
2016,352992,cordoba,31205
2016,352992,corrientes,7728
2016,352992,entre_rios,11101
2016,352992,formosa,4081
2016,352992,jujuy,4508
2016,352992,la_pampa,2755
2016,352992,la_rioja,2234
2016,352992,mendoza,14489
2016,352992,misiones,7614
2016,352992,neuquen,3323
2016,352992,rio_negro,4476
2016,352992,salta,8270
2016,352992,san_juan,5151
2016,352992,san_luis,3228
2016,352992,santa_cruz,1474
2016,352992,santa_fe,32181
2016,352992,santiago_del_estero,6386
2016,352992,tierra_del_fuego,596
2016,352992,tucuman,11301
2017,341688,buenos_aires,138583
2017,341688,capital_federal,32053
2017,341688,catamarca,2579
2017,341688,chaco,7834
2017,341688,chubut,3363
2017,341688,cordoba,30043
2017,341688,corrientes,7290
2017,341688,entre_rios,10213
2017,341688,formosa,3911
2017,341688,jujuy,4492
2017,341688,la_pampa,2706
2017,341688,la_rioja,2225
2017,341688,mendoza,14382
2017,341688,misiones,7120
2017,341688,neuquen,3382
2017,341688,rio_negro,4684
2017,341688,salta,8170
2017,341688,san_juan,5272
2017,341688,san_luis,3223
2017,341688,santa_cruz,1523
2017,341688,santa_fe,30013
2017,341688,santiago_del_estero,5993
2017,341688,tierra_del_fuego,559
2017,341688,tucuman,11017
2018,336823,buenos_aires,135997
2018,336823,capital_federal,29723
2018,336823,catamarca,2666
2018,336823,chaco,8110
2018,336823,chubut,3353
2018,336823,cordoba,29754
2018,336823,corrientes,7269
2018,336823,entre_rios,10745
2018,336823,formosa,3898
2018,336823,jujuy,4498
2018,336823,la_pampa,2488
2018,336823,la_rioja,2334
2018,336823,mendoza,13971
2018,336823,misiones,7180
2018,336823,neuquen,3287
2018,336823,rio_negro,4590
2018,336823,salta,8178
2018,336823,san_juan,5245
2018,336823,san_luis,3331
2018,336823,santa_cruz,1641
2018,336823,santa_fe,29382
2018,336823,santiago_del_estero,6163
2018,336823,tierra_del_fuego,603
2018,336823,tucuman,11101
2019,341728,buenos_aires,137993
2019,341728,capital_federal,30895
2019,341728,catamarca,2526
2019,341728,chaco,8222
2019,341728,chubut,3374
2019,341728,cordoba,30181
2019,341728,corrientes,7486
2019,341728,entre_rios,10565
2019,341728,formosa,3815
2019,341728,jujuy,4534
2019,341728,la_pampa,2454
2019,341728,la_rioja,2282
2019,341728,mendoza,14284
2019,341728,misiones,7268
2019,341728,neuquen,3521
2019,341728,rio_negro,4643
2019,341728,salta,8046
2019,341728,san_juan,5179
2019,341728,san_luis,3383
2019,341728,santa_cruz,1603
2019,341728,santa_fe,29773
2019,341728,santiago_del_estero,6351
2019,341728,tierra_del_fuego,581
2019,341728,tucuman,11436
2020,376219,buenos_aires,150105
2020,376219,capital_federal,35569
2020,376219,catamarca,2466
2020,376219,chaco,8740
2020,376219,chubut,3873
2020,376219,cordoba,33082
2020,376219,corrientes,7324
2020,376219,entre_rios,10842
2020,376219,formosa,3690
2020,376219,jujuy,6522
2020,376219,la_pampa,2423
2020,376219,la_rioja,2839
2020,376219,mendoza,16514
2020,376219,misiones,7072
2020,376219,neuquen,4353
2020,376219,rio_negro,5791
2020,376219,salta,9736
2020,376219,san_juan,5598
2020,376219,san_luis,3564
2020,376219,santa_cruz,1940
2020,376219,santa_fe,32730
2020,376219,santiago_del_estero,6240
2020,376219,tierra_del_fuego,850
2020,376219,tucuman,12967
2021,436799,buenos_aires,177133
2021,436799,capital_federal,36201
2021,436799,catamarca,3572
2021,436799,chaco,11231
2021,436799,chubut,4484
2021,436799,cordoba,37491
2021,436799,corrientes,9324
2021,436799,entre_rios,13097
2021,436799,formosa,5134
2021,436799,jujuy,5786
2021,436799,la_pampa,3445
2021,436799,la_rioja,3176
2021,436799,mendoza,18086
2021,436799,misiones,9643
2021,436799,neuquen,5202
2021,436799,rio_negro,6686
2021,436799,salta,10092
2021,436799,san_juan,6891
2021,436799,san_luis,4673
2021,436799,santa_cruz,2298
2021,436799,santa_fe,37931
2021,436799,santiago_del_estero,8229
2021,436799,tierra_del_fuego,849
2021,436799,tucuman,14906
2022,397115,buenos_aires,158015
2022,397115,capital_federal,33331
2022,397115,catamarca,3182
2022,397115,chaco,9895
2022,397115,chubut,4125
2022,397115,cordoba,35811
2022,397115,corrientes,8984
2022,397115,entre_rios,12806
2022,397115,formosa,4702
2022,397115,jujuy,5452
2022,397115,la_pampa,2935
2022,397115,la_rioja,2771
2022,397115,mendoza,16466
2022,397115,misiones,9457
2022,397115,neuquen,4185
2022,397115,rio_negro,5457
2022,397115,salta,9534
2022,397115,san_juan,6190
2022,397115,san_luis,3982
2022,397115,santa_cruz,1962
2022,397115,santa_fe,34846
2022,397115,santiago_del_estero,7163
2022,397115,tierra_del_fuego,758
2022,397115,tucuman,13646
2023,353428,buenos_aires,144605
2023,353428,capital_federal,29489
2023,353428,catamarca,2775
2023,353428,chaco,9235
2023,353428,chubut,3607
2023,353428,cordoba,30461
2023,353428,corrientes,7580
2023,353428,entre_rios,10856
2023,353428,formosa,3993
2023,353428,jujuy,4787
2023,353428,la_pampa,2679
2023,353428,la_rioja,2457
2023,353428,mendoza,14062
2023,353428,misiones,7498
2023,353428,neuquen,3811
2023,353428,rio_negro,4984
2023,353428,salta,8538
2023,353428,san_juan,5365
2023,353428,san_luis,3446
2023,353428,santa_cruz,1711
2023,353428,santa_fe,30409
2023,353428,santiago_del_estero,6669
2023,353428,tierra_del_fuego,702
2023,353428,tucuman,12215
